序,學校名稱,系所名稱,學制名稱,班級名稱,學號,入學方式,原具身份,招生類別,郵遞區號,畢業學校,前畢業科系
1,國立澎湖科技大學,應用外語系,四技日間部,日間部四技應用外語系一甲,1112402001,繁星推甄,繁星生,外語群,648,雲林縣私立揚子高中,應用英語科
2,國立澎湖科技大學,應用外語系,四技日間部,日間部四技應用外語系一甲,1112402002,甄選入學,甄選一般生,商管群,330,桃園縣私立新興高中,商業經營科
3,國立澎湖科技大學,應用外語系,四技日間部,日間部四技應用外語系一甲,1112402004,甄選入學,甄選一般生,商管群,880,雲林縣國立土庫商工,商業經營科
4,國立澎湖科技大學,應用外語系,四技日間部,日間部四技應用外語系一甲,1112402005,甄選入學,甄選一般生,餐旅群,408,台中市私立嶺東高中,觀光事業科
5,國立澎湖科技大學,應用外語系,四技日間部,日間部四技應用外語系一甲,1112402006,甄選入學,甄選一般生,餐旅群,880,澎湖縣國立馬公高中,觀光事業科
6,國立澎湖科技大學,應用外語系,四技日間部,日間部四技應用外語系一甲,1112402007,甄選入學,甄選一般生,餐旅群,303,新竹市私立光復高中,餐飲管理科
7,國立澎湖科技大學,應用外語系,四技日間部,日間部四技應用外語系一甲,1112402008,身心障礙單招,身心障礙生,,885,澎湖縣國立馬公高中,普通科
8,國立澎湖科技大學,應用外語系,四技日間部,日間部四技應用外語系一甲,1112402009,運動績優單招,一般生,,504,彰化縣立和美高級中學,普通科
9,國立澎湖科技大學,應用外語系,四技日間部,日間部四技應用外語系一甲,1112402011,聯合登記分發,聯登一般生,商管群,235,台北市市立松山家商,資料處理科
10,國立澎湖科技大學,應用外語系,四技日間部,日間部四技應用外語系一甲,1112402012,聯合登記分發,聯登一般生,商管群,330,桃園縣私立新興高中,應用日語科
11,國立澎湖科技大學,應用外語系,四技日間部,日間部四技應用外語系一甲,1112402015,聯合登記分發,聯登一般生,商管群,428,台中縣國立豐原高商,資料處理科
12,國立澎湖科技大學,應用外語系,四技日間部,日間部四技應用外語系一甲,1112402018,聯合登記分發,聯登一般生,商管群,708,台南市國立台南海事,商業經營科
13,國立澎湖科技大學,應用外語系,四技日間部,日間部四技應用外語系一甲,1112402020,聯合登記分發,聯登一般生,商管群,820,高雄市市立高雄高商,會計事務科
14,國立澎湖科技大學,應用外語系,四技日間部,日間部四技應用外語系一甲,1112402022,聯合登記分發,聯登一般生,商管群,812,高雄縣國立鳳山商工,國際貿易科
15,國立澎湖科技大學,應用外語系,四技日間部,日間部四技應用外語系一甲,1112402023,聯合登記分發,聯登一般生,商管群,830,高雄縣國立旗山農工,餐飲技術科
16,國立澎湖科技大學,應用外語系,四技日間部,日間部四技應用外語系一甲,1112402027,聯合登記分發,聯登一般生,外語群英語類,427,苗栗縣國立卓蘭高級中等學校,應用英語科
17,國立澎湖科技大學,應用外語系,四技日間部,日間部四技應用外語系一甲,1112402030,聯合登記分發,聯登一般生,外語群英語類,412,台中市國立台中家商,應用英語科
18,國立澎湖科技大學,應用外語系,四技日間部,日間部四技應用外語系一甲,1112402039,聯合登記分發,聯登一般生,餐旅群,420,台中縣私立明道高中,餐飲管理科
19,國立澎湖科技大學,應用外語系,四技日間部,日間部四技應用外語系一甲,1112402040,聯合登記分發,聯登一般生,餐旅群,710,台南市私立長榮高中,觀光事業科
20,國立澎湖科技大學,應用外語系,四技日間部,日間部四技應用外語系一甲,1112402042,聯合登記分發,聯登一般生,餐旅群,261,宜蘭縣國立頭城家商,旅遊事務科
21,國立澎湖科技大學,餐旅管理系,四技日間部,日間部四技餐旅管理系一甲,1112403001,繁星推甄,繁星生,餐旅群,961,台東縣國立成功商業水產職業學校,綜合高中部
22,國立澎湖科技大學,餐旅管理系,四技日間部,日間部四技餐旅管理系一甲,1112403002,繁星推甄,繁星生,餐旅群,406,台中市葳格高級中學,餐飲管理科
23,國立澎湖科技大學,餐旅管理系,四技日間部,日間部四技餐旅管理系一甲,1112403003,繁星推甄,繁星生,餐旅群,100,台北市私立開平餐飲職業學校,餐飲管理科
24,國立澎湖科技大學,餐旅管理系,四技日間部,日間部四技餐旅管理系一甲,1112403004,繁星推甄,繁星生,餐旅群,906,高雄縣私立普門高中,餐飲管理科
25,國立澎湖科技大學,餐旅管理系,四技日間部,日間部四技餐旅管理系一甲,1112403005,技優甄審,技優生,餐旅類,513,彰化縣國立北斗家商,餐飲技術科
26,國立澎湖科技大學,餐旅管理系,四技日間部,日間部四技餐旅管理系一甲,1112403007,特殊選才,特選-扎根計畫,,880,澎湖縣國立澎湖海事高職,餐飲管理科
27,國立澎湖科技大學,餐旅管理系,四技日間部,日間部四技餐旅管理系一甲,1112403008,特殊選才,特選-扎根計畫,,885,澎湖縣國立澎湖海事高職,餐飲管理科
28,國立澎湖科技大學,餐旅管理系,四技日間部,日間部四技餐旅管理系一甲,1112403009,特殊選才,特選-扎根計畫,,880,澎湖縣國立澎湖海事高職,餐飲管理科
29,國立澎湖科技大學,餐旅管理系,四技日間部,日間部四技餐旅管理系一甲,1112403010,甄選入學,甄選一般生,食品類,826,高雄縣國立岡山農工,食品科
30,國立澎湖科技大學,餐旅管理系,四技日間部,日間部四技餐旅管理系一甲,1112403011,甄選入學,甄選一般生,餐旅群,800,高雄市私立三信家商,餐飲管理科
31,國立澎湖科技大學,餐旅管理系,四技日間部,日間部四技餐旅管理系一甲,1112403012,甄選入學,中低/低收入戶生,餐旅群,831,高雄縣私立中山工商,餐飲管理科
32,國立澎湖科技大學,餐旅管理系,四技日間部,日間部四技餐旅管理系一甲,1112403013,甄選入學,離島地區,餐旅群,880,澎湖縣國立澎湖海事高職,餐飲管理科
33,國立澎湖科技大學,餐旅管理系,四技日間部,日間部四技餐旅管理系一甲,1112403014,甄選入學,甄選一般生,餐旅群,822,國立高餐大附屬餐旅中學,餐飲管理科
34,國立澎湖科技大學,餐旅管理系,四技日間部,日間部四技餐旅管理系一甲,1112403015,甄選入學,離島地區,餐旅群,880,澎湖縣國立澎湖海事高職,觀光事業科
35,國立澎湖科技大學,餐旅管理系,四技日間部,日間部四技餐旅管理系一甲,1112403016,甄選入學,離島地區,餐旅群,882,澎湖縣國立馬公高中,觀光事業科
36,國立澎湖科技大學,餐旅管理系,四技日間部,日間部四技餐旅管理系一甲,1112403017,甄選入學,離島地區,餐旅群,885,澎湖縣國立馬公高中,觀光事業科
37,國立澎湖科技大學,餐旅管理系,四技日間部,日間部四技餐旅管理系一甲,1112403018,甄選入學,離島地區,餐旅群,880,澎湖縣國立馬公高中,觀光事業科
38,國立澎湖科技大學,餐旅管理系,四技日間部,日間部四技餐旅管理系一甲,1112403019,甄選入學,離島地區,餐旅群,880,澎湖縣國立馬公高中,觀光事業科
39,國立澎湖科技大學,餐旅管理系,四技日間部,日間部四技餐旅管理系一甲,1112403020,甄選入學,甄選一般生,餐旅群,428,台中市明德高級中學,餐飲管理科
40,國立澎湖科技大學,餐旅管理系,四技日間部,日間部四技餐旅管理系一甲,1112403021,甄選入學,甄選一般生,餐旅群,427,台中市明德高級中學,餐飲管理科
41,國立澎湖科技大學,餐旅管理系,四技日間部,日間部四技餐旅管理系一甲,1112403022,甄選入學,甄選一般生,餐旅群,367,苗栗縣立三義高級中學,餐飲管理科
42,國立澎湖科技大學,餐旅管理系,四技日間部,日間部四技餐旅管理系一甲,1112403023,甄選入學,甄選一般生,餐旅群,403,台中市私立新民高中,觀光事業科
43,國立澎湖科技大學,餐旅管理系,四技日間部,日間部四技餐旅管理系一甲,1112403024,甄選入學,甄選一般生,餐旅群,330,桃園縣私立育達高中,餐飲管理科
44,國立澎湖科技大學,餐旅管理系,四技日間部,日間部四技餐旅管理系一甲,1112403025,甄選入學,甄選原住民生,餐旅群,413,台中縣私立明台高中,餐飲技術科
45,國立澎湖科技大學,餐旅管理系,四技日間部,日間部四技餐旅管理系一甲,1112403026,甄選入學,甄選一般生,餐旅群,412,台中縣私立明道高中,餐飲管理科
46,國立澎湖科技大學,餐旅管理系,四技日間部,日間部四技餐旅管理系一甲,1112403027,甄選入學,中低/低收入戶生,餐旅群,324,苗栗縣立三義高級中學,餐飲管理科
47,國立澎湖科技大學,餐旅管理系,四技日間部,日間部四技餐旅管理系一甲,1112403028,甄選入學,甄選一般生,餐旅群,330,桃園縣私立永平工商,餐飲管理科
48,國立澎湖科技大學,餐旅管理系,四技日間部,日間部四技餐旅管理系一甲,1112403029,運動績優單招,一般生,,500,彰化縣私立達德商工,餐飲管理科
49,國立澎湖科技大學,餐旅管理系,四技日間部,日間部四技餐旅管理系一甲,1112403030,運動績優單招,一般生,,643,雲林縣私立義峰高中,餐飲管理科
50,國立澎湖科技大學,餐旅管理系,四技日間部,日間部四技餐旅管理系一甲,1112403031,運動績優單招,一般生,,330,桃園縣國立桃園高中,普通科
51,國立澎湖科技大學,餐旅管理系,四技日間部,日間部四技餐旅管理系一甲,1112403033,聯合登記分發,聯登一般生,餐旅群,320,桃園縣私立育達高中,餐飲管理科
52,國立澎湖科技大學,餐旅管理系,四技日間部,日間部四技餐旅管理系一甲,1112403034,聯合登記分發,聯登一般生,餐旅群,326,桃園縣私立永平工商,餐飲管理科
53,國立澎湖科技大學,餐旅管理系,四技日間部,日間部四技餐旅管理系一甲,1112403037,聯合登記分發,聯登一般生,餐旅群,242,台中市明德高級中學,餐飲管理科
54,國立澎湖科技大學,餐旅管理系,四技日間部,日間部四技餐旅管理系一甲,1112403043,聯合登記分發,聯登一般生,餐旅群,412,台中縣私立僑泰高中,餐飲管理科
55,國立澎湖科技大學,餐旅管理系,四技日間部,日間部四技餐旅管理系一甲,1112403050,聯合登記分發,聯登一般生,餐旅群,708,台南市國立台南家齊高級中等學校,餐飲管理科
56,國立澎湖科技大學,餐旅管理系,四技日間部,日間部四技餐旅管理系一甲,1112403052,聯合登記分發,聯登一般生,餐旅群,806,高雄縣私立中山工商,餐飲管理科
57,國立澎湖科技大學,資訊工程系,四技日間部,日間部四技資訊工程系一甲,1112405001,繁星推甄,繁星生,電機與電子群,625,台中縣國立東勢高工,資訊科
58,國立澎湖科技大學,資訊工程系,四技日間部,日間部四技資訊工程系一甲,1112405002,特殊選才,特選-技職生,,324,桃園縣私立啟英高中,資訊科
59,國立澎湖科技大學,資訊工程系,四技日間部,日間部四技資訊工程系一甲,1112405003,特殊選才,特選-技職生,,244,桃園縣私立啟英高中,資訊科
60,國立澎湖科技大學,資訊工程系,四技日間部,日間部四技資訊工程系一甲,1112405004,特殊選才,特選-技職生,,320,高級中等教育階段完成非學校型態實驗教,普通科
61,國立澎湖科技大學,資訊工程系,四技日間部,日間部四技資訊工程系一甲,1112405005,甄選入學,甄選一般生,電機與電子群資電類,413,台中縣私立僑泰高中,資訊科
62,國立澎湖科技大學,資訊工程系,四技日間部,日間部四技資訊工程系一甲,1112405006,甄選入學,甄選一般生,電機與電子群資電類,235,新北市立新北高工,資訊科
63,國立澎湖科技大學,資訊工程系,四技日間部,日間部四技資訊工程系一甲,1112405007,甄選入學,甄選一般生,電機與電子群資電類,437,台中市私立嶺東高中,資訊科
64,國立澎湖科技大學,資訊工程系,四技日間部,日間部四技資訊工程系一甲,1112405008,甄選入學,甄選一般生,電機與電子群資電類,242,台北縣私立格致高中,資訊科
65,國立澎湖科技大學,資訊工程系,四技日間部,日間部四技資訊工程系一甲,1112405009,甄選入學,甄選一般生,電機與電子群資電類,108,台北市開南高級中等學校,資訊科
66,國立澎湖科技大學,資訊工程系,四技日間部,日間部四技資訊工程系一甲,1112405010,甄選入學,甄選一般生,電機與電子群資電類,251,台北縣國立淡水商工,電子科
67,國立澎湖科技大學,資訊工程系,四技日間部,日間部四技資訊工程系一甲,1112405011,甄選入學,甄選一般生,電機與電子群資電類,303,桃園縣私立治平高中,資訊科
68,國立澎湖科技大學,資訊工程系,四技日間部,日間部四技資訊工程系一甲,1112405012,甄選入學,離島地區,電機與電子群資電類,884,澎湖縣國立澎湖海事高職,輪機科
69,國立澎湖科技大學,資訊工程系,四技日間部,日間部四技資訊工程系一甲,1112405013,甄選入學,離島地區,電機與電子群資電類,885,澎湖縣國立澎湖海事高職,資訊科
70,國立澎湖科技大學,資訊工程系,四技日間部,日間部四技資訊工程系一甲,1112405014,甄選入學,甄選一般生,電機與電子群資電類,881,澎湖縣國立澎湖海事高職,電子科
71,國立澎湖科技大學,資訊工程系,四技日間部,日間部四技資訊工程系一甲,1112405015,甄選入學,甄選一般生,電機與電子群資電類,108,台北市市立木柵高工,電子科
72,國立澎湖科技大學,資訊工程系,四技日間部,日間部四技資訊工程系一甲,1112405016,甄選入學,甄選一般生,電機與電子群資電類,320,新竹縣私立內思高工,資訊科
73,國立澎湖科技大學,資訊工程系,四技日間部,日間部四技資訊工程系一甲,1112405017,甄選入學,甄選一般生,電機與電子群資電類,421,台中縣國立大甲高工,資訊科
74,國立澎湖科技大學,資訊工程系,四技日間部,日間部四技資訊工程系一甲,1112405018,甄選入學,甄選一般生,電機與電子群資電類,330,桃園縣私立振聲高中,資訊科
75,國立澎湖科技大學,資訊工程系,四技日間部,日間部四技資訊工程系一甲,1112405019,甄選入學,甄選一般生,電機與電子群資電類,360,苗栗縣國立苗栗農工,電機科
76,國立澎湖科技大學,資訊工程系,四技日間部,日間部四技資訊工程系一甲,1112405020,甄選入學,甄選一般生,電機與電子群資電類,731,臺南縣國立新營高工,資訊科
77,國立澎湖科技大學,資訊工程系,四技日間部,日間部四技資訊工程系一甲,1112405021,甄選入學,甄選一般生,電機與電子群資電類,721,臺南縣國立台南高工,電子科
78,國立澎湖科技大學,資訊工程系,四技日間部,日間部四技資訊工程系一甲,1112405024,申請入學,一般生,,302,桃園縣立大園國際高級中學,普通科
79,國立澎湖科技大學,資訊工程系,四技日間部,日間部四技資訊工程系一甲,1112405027,聯合登記分發,聯登一般生,電機與電子群資電類,205,台北市市立內湖高工,電子科
80,國立澎湖科技大學,資訊工程系,四技日間部,日間部四技資訊工程系一甲,1112405028,聯合登記分發,聯登一般生,電機與電子群資電類,234,台北市市立木柵高工,電子科
81,國立澎湖科技大學,資訊工程系,四技日間部,日間部四技資訊工程系一甲,1112405029,聯合登記分發,聯登一般生,電機與電子群資電類,239,台北縣鶯歌工商,資訊科
82,國立澎湖科技大學,資訊工程系,四技日間部,日間部四技資訊工程系一甲,1112405031,聯合登記分發,聯登一般生,電機與電子群資電類,330,桃園縣國立桃園農工,電子科
83,國立澎湖科技大學,資訊工程系,四技日間部,日間部四技資訊工程系一甲,1112405032,聯合登記分發,聯登一般生,電機與電子群資電類,334,桃園縣私立振聲高中,資訊科
84,國立澎湖科技大學,資訊工程系,四技日間部,日間部四技資訊工程系一甲,1112405033,聯合登記分發,聯登一般生,電機與電子群資電類,330,桃園縣私立振聲高中,資訊科
85,國立澎湖科技大學,資訊工程系,四技日間部,日間部四技資訊工程系一甲,1112405035,聯合登記分發,聯登一般生,電機與電子群資電類,325,桃園縣國立龍潭高級中學,電子科
86,國立澎湖科技大學,資訊工程系,四技日間部,日間部四技資訊工程系一甲,1112405036,聯合登記分發,聯登一般生,電機與電子群資電類,320,桃園縣國立楊梅高中,資訊科
87,國立澎湖科技大學,資訊工程系,四技日間部,日間部四技資訊工程系一甲,1112405037,聯合登記分發,聯登一般生,電機與電子群資電類,320,桃園縣國立楊梅高中,資訊科
88,國立澎湖科技大學,資訊工程系,四技日間部,日間部四技資訊工程系一甲,1112405040,聯合登記分發,聯登一般生,電機與電子群資電類,401,台中縣私立明道高中,電子科
89,國立澎湖科技大學,資訊工程系,四技日間部,日間部四技資訊工程系一甲,1112405041,聯合登記分發,聯登一般生,電機與電子群資電類,406,台中縣國立霧峰農工,電子科
90,國立澎湖科技大學,資訊工程系,四技日間部,日間部四技資訊工程系一甲,1112405042,聯合登記分發,聯登一般生,電機與電子群資電類,408,台中市國立台中高工,電子科
91,國立澎湖科技大學,資訊工程系,四技日間部,日間部四技資訊工程系一甲,1112405043,聯合登記分發,聯登一般生,電機與電子群資電類,401,台中縣私立明道高中,資訊科
92,國立澎湖科技大學,資訊工程系,四技日間部,日間部四技資訊工程系一甲,1112405044,聯合登記分發,聯登一般生,電機與電子群資電類,434,台中縣國立沙鹿高工,資訊科
93,國立澎湖科技大學,資訊工程系,四技日間部,日間部四技資訊工程系一甲,1112405045,聯合登記分發,聯登一般生,電機與電子群資電類,434,台中市私立嶺東高中,電子科
94,國立澎湖科技大學,資訊工程系,四技日間部,日間部四技資訊工程系一甲,1112405047,聯合登記分發,聯登一般生,電機與電子群資電類,438,台中縣國立大甲高工,電子科
95,國立澎湖科技大學,資訊工程系,四技日間部,日間部四技資訊工程系一甲,1112405049,聯合登記分發,聯登一般生,電機與電子群資電類,508,彰化縣國立彰化師大附屬高工,電子科
96,國立澎湖科技大學,資訊工程系,四技日間部,日間部四技資訊工程系一甲,1112405050,聯合登記分發,聯登一般生,電機與電子群資電類,512,彰化縣國立員林崇實高級工業職業學校,資訊科
97,國立澎湖科技大學,資訊工程系,四技日間部,日間部四技資訊工程系一甲,1112405051,聯合登記分發,聯登一般生,電機與電子群資電類,632,雲林縣國立西螺農工,電子科
98,國立澎湖科技大學,資訊工程系,四技日間部,日間部四技資訊工程系一甲,1112405052,聯合登記分發,聯登一般生,電機與電子群資電類,600,嘉義市國立嘉義高工,電子科
99,國立澎湖科技大學,資訊工程系,四技日間部,日間部四技資訊工程系一甲,1112405053,聯合登記分發,聯登一般生,電機與電子群資電類,718,臺南縣國立新化高工,電子科
100,國立澎湖科技大學,資訊工程系,四技日間部,日間部四技資訊工程系一甲,1112405054,聯合登記分發,聯登一般生,電機與電子群資電類,807,高雄市市立海青工商,資訊科
101,國立澎湖科技大學,資訊工程系,四技日間部,日間部四技資訊工程系一甲,1112405055,聯合登記分發,聯登一般生,電機與電子群資電類,813,高雄市市立海青工商,資訊科
102,國立澎湖科技大學,資訊工程系,四技日間部,日間部四技資訊工程系一甲,1112405056,聯合登記分發,聯登一般生,電機與電子群資電類,830,高雄市市立中正高工,電子科
103,國立澎湖科技大學,資訊工程系,四技日間部,日間部四技資訊工程系一甲,1112405057,聯合登記分發,聯登一般生,電機與電子群資電類,813,高雄市市立高雄高工,電子科
104,國立澎湖科技大學,資訊工程系,四技日間部,日間部四技資訊工程系一甲,1112405058,聯合登記分發,聯登一般生,電機與電子群資電類,820,高雄市市立高雄高工,電子科
105,國立澎湖科技大學,資訊工程系,四技日間部,日間部四技資訊工程系一甲,1112405059,聯合登記分發,聯登一般生,電機與電子群資電類,900,屏東縣國立屏東高工,電子科
106,國立澎湖科技大學,資訊工程系,四技日間部,日間部四技資訊工程系一甲,1112405060,聯合登記分發,聯登一般生,電機與電子群資電類,941,屏東縣國立屏東高工,電子科
107,國立澎湖科技大學,資訊工程系,四技日間部,日間部四技資訊工程系一甲,1112405061,聯合登記分發,聯登一般生,電機與電子群資電類,900,屏東縣國立屏東高工,電子科
108,國立澎湖科技大學,資訊工程系,四技日間部,日間部四技資訊工程系一甲,1112405062,聯合登記分發,聯登一般生,電機與電子群資電類,269,宜蘭縣國立羅東高工,電子科
109,國立澎湖科技大學,資訊工程系,四技日間部,日間部四技資訊工程系一甲,1112405063,聯合登記分發,聯登一般生,電機與電子群資電類,880,澎湖縣國立澎湖海事高職,電子科
110,國立澎湖科技大學,水產養殖系,四技日間部,日間部四技水產養殖系一甲,1112407001,繁星推甄,繁星生,水產群,892,金門縣國立金門農工,水產養殖科
111,國立澎湖科技大學,水產養殖系,四技日間部,日間部四技水產養殖系一甲,1112407002,繁星推甄,繁星生,水產群,264,宜蘭縣國立蘇澳海事,水產養殖科
112,國立澎湖科技大學,水產養殖系,四技日間部,日間部四技水產養殖系一甲,1112407003,繁星推甄,繁星生,水產群,260,宜蘭縣國立蘇澳海事,水產養殖科
113,國立澎湖科技大學,水產養殖系,四技日間部,日間部四技水產養殖系一甲,1112407004,技優保送,技優生,水產群,880,澎湖縣國立澎湖海事高職,水產養殖科
114,國立澎湖科技大學,水產養殖系,四技日間部,日間部四技水產養殖系一甲,1112407005,技優甄審,技優生,水產類,702,台南市國立台南海事,水產養殖技術科
115,國立澎湖科技大學,水產養殖系,四技日間部,日間部四技水產養殖系一甲,1112407006,甄選入學,甄選一般生,農業群,420,台中市國立台中高農,園藝技術科
116,國立澎湖科技大學,水產養殖系,四技日間部,日間部四技水產養殖系一甲,1112407007,甄選入學,甄選一般生,農業群,423,台中市國立台中高農,園藝技術科
117,國立澎湖科技大學,水產養殖系,四技日間部,日間部四技水產養殖系一甲,1112407008,甄選入學,甄選一般生,農業群,320,桃園縣國立龍潭高級中學,造園科
118,國立澎湖科技大學,水產養殖系,四技日間部,日間部四技水產養殖系一甲,1112407009,甄選入學,甄選一般生,農業群,324,桃園縣國立龍潭高級中學,造園科
119,國立澎湖科技大學,水產養殖系,四技日間部,日間部四技水產養殖系一甲,1112407010,甄選入學,甄選一般生,農業群,325,桃園縣國立龍潭高級中學,畜產保健科
120,國立澎湖科技大學,水產養殖系,四技日間部,日間部四技水產養殖系一甲,1112407011,甄選入學,甄選一般生,農業群,235,台北縣私立莊敬工家,園藝科
121,國立澎湖科技大學,水產養殖系,四技日間部,日間部四技水產養殖系一甲,1112407012,甄選入學,甄選一般生,農業群,508,彰化縣國立員林農工,園藝科
122,國立澎湖科技大學,水產養殖系,四技日間部,日間部四技水產養殖系一甲,1112407013,甄選入學,甄選一般生,農業群,515,彰化縣國立員林農工,畜產保健科
123,國立澎湖科技大學,水產養殖系,四技日間部,日間部四技水產養殖系一甲,1112407014,甄選入學,甄選一般生,農業群,104,台北縣國立淡水商工,園藝科
124,國立澎湖科技大學,水產養殖系,四技日間部,日間部四技水產養殖系一甲,1112407015,甄選入學,甄選一般生,農業群,408,台中市國立台中高農,畜產保健科
125,國立澎湖科技大學,水產養殖系,四技日間部,日間部四技水產養殖系一甲,1112407016,甄選入學,甄選一般生,農業群,330,桃園縣國立桃園農工,園藝科
126,國立澎湖科技大學,水產養殖系,四技日間部,日間部四技水產養殖系一甲,1112407017,甄選入學,甄選一般生,農業群,330,桃園縣國立桃園農工,造園技術科
127,國立澎湖科技大學,水產養殖系,四技日間部,日間部四技水產養殖系一甲,1112407018,甄選入學,甄選一般生,農業群,330,桃園縣國立桃園農工,造園技術科
128,國立澎湖科技大學,水產養殖系,四技日間部,日間部四技水產養殖系一甲,1112407019,甄選入學,甄選一般生,農業群,306,新竹縣國立關西高中,園藝科
129,國立澎湖科技大學,水產養殖系,四技日間部,日間部四技水產養殖系一甲,1112407020,甄選入學,甄選一般生,農業群,330,桃園縣國立桃園農工,造園技術科
130,國立澎湖科技大學,水產養殖系,四技日間部,日間部四技水產養殖系一甲,1112407021,甄選入學,甄選一般生,農業群,647,雲林縣國立虎尾農工,畜產保健科
131,國立澎湖科技大學,水產養殖系,四技日間部,日間部四技水產養殖系一甲,1112407022,甄選入學,甄選一般生,水產群,885,澎湖縣國立澎湖海事高職,汽車科
132,國立澎湖科技大學,水產養殖系,四技日間部,日間部四技水產養殖系一甲,1112407023,甄選入學,甄選一般生,水產群,880,澎湖縣國立澎湖海事高職,水產養殖科
133,國立澎湖科技大學,水產養殖系,四技日間部,日間部四技水產養殖系一甲,1112407024,甄選入學,甄選一般生,水產群,220,基隆市國立基隆海事,漁業科
134,國立澎湖科技大學,水產養殖系,四技日間部,日間部四技水產養殖系一甲,1112407025,甄選入學,甄選一般生,水產群,507,彰化縣國立鹿港高中,水產養殖科
135,國立澎湖科技大學,水產養殖系,四技日間部,日間部四技水產養殖系一甲,1112407026,運動績優單招,一般生,,802,高雄市市立小港高中,普通科
136,國立澎湖科技大學,水產養殖系,四技日間部,日間部四技水產養殖系一甲,1112407027,聯合登記分發,聯登一般生,農業群,330,桃園縣國立桃園農工,造園技術科
137,國立澎湖科技大學,水產養殖系,四技日間部,日間部四技水產養殖系一甲,1112407030,聯合登記分發,聯登一般生,農業群,325,新竹縣國立關西高中,園藝科
138,國立澎湖科技大學,水產養殖系,四技日間部,日間部四技水產養殖系一甲,1112407032,聯合登記分發,聯登一般生,農業群,427,台中市國立台中高農,園藝技術科
139,國立澎湖科技大學,水產養殖系,四技日間部,日間部四技水產養殖系一甲,1112407034,聯合登記分發,聯登一般生,農業群,637,雲林縣國立虎尾農工,畜產保健科
140,國立澎湖科技大學,水產養殖系,四技日間部,日間部四技水產養殖系一甲,1112407036,聯合登記分發,聯登一般生,水產群,231,基隆市國立基隆海事,水產養殖科
141,國立澎湖科技大學,水產養殖系,四技日間部,日間部四技水產養殖系一甲,1112407038,聯合登記分發,聯登一般生,水產群,718,台南市國立台南海事,水產養殖科
142,國立澎湖科技大學,水產養殖系,四技日間部,日間部四技水產養殖系一甲,1112407039,聯合登記分發,聯登一般生,水產群,261,宜蘭縣國立蘇澳海事,水產養殖科
143,國立澎湖科技大學,航運管理系,四技日間部,日間部四技航運管理系一甲,1112408001,技優甄審,技優生,商業類,928,屏東縣國立東港海事,航運管理科
144,國立澎湖科技大學,航運管理系,四技日間部,日間部四技航運管理系一甲,1112408002,特殊選才,特選-技職生,,265,宜蘭縣國立蘇澳海事,航運管理科
145,國立澎湖科技大學,航運管理系,四技日間部,日間部四技航運管理系一甲,1112408003,特殊選才,特選-技職生,,268,宜蘭縣國立蘇澳海事,航運管理科
146,國立澎湖科技大學,航運管理系,四技日間部,日間部四技航運管理系一甲,1112408004,甄選入學,甄選一般生,商管群,260,宜蘭縣國立宜蘭高商,應用英語科
147,國立澎湖科技大學,航運管理系,四技日間部,日間部四技航運管理系一甲,1112408005,甄選入學,甄選一般生,商管群,262,宜蘭縣國立宜蘭高商,應用英語科
148,國立澎湖科技大學,航運管理系,四技日間部,日間部四技航運管理系一甲,1112408006,甄選入學,甄選一般生,商管群,924,高雄縣私立中山工商,應用英語科
149,國立澎湖科技大學,航運管理系,四技日間部,日間部四技航運管理系一甲,1112408007,甄選入學,甄選一般生,商管群,260,宜蘭縣國立宜蘭高商,國際貿易科
150,國立澎湖科技大學,航運管理系,四技日間部,日間部四技航運管理系一甲,1112408008,甄選入學,甄選一般生,商管群,880,澎湖縣國立馬公高中,商業經營科
151,國立澎湖科技大學,航運管理系,四技日間部,日間部四技航運管理系一甲,1112408009,甄選入學,甄選一般生,商管群,830,高雄市市立高雄高商,國際貿易科
152,國立澎湖科技大學,航運管理系,四技日間部,日間部四技航運管理系一甲,1112408010,甄選入學,甄選一般生,商管群,337,桃園縣私立新興高中,商業經營科
153,國立澎湖科技大學,航運管理系,四技日間部,日間部四技航運管理系一甲,1112408011,甄選入學,甄選一般生,商管群,330,桃園縣私立新興高中,電子商務(處理)科
154,國立澎湖科技大學,航運管理系,四技日間部,日間部四技航運管理系一甲,1112408012,甄選入學,甄選一般生,商管群,320,桃園縣私立新興高中,應用日語科
155,國立澎湖科技大學,航運管理系,四技日間部,日間部四技航運管理系一甲,1112408013,甄選入學,甄選一般生,商管群,630,雲林縣國立斗六家商,資料處理科
156,國立澎湖科技大學,航運管理系,四技日間部,日間部四技航運管理系一甲,1112408014,甄選入學,甄選一般生,商管群,200,基隆市私立二信高中,應用英語科
157,國立澎湖科技大學,航運管理系,四技日間部,日間部四技航運管理系一甲,1112408015,甄選入學,甄選一般生,商管群,427,台中市私立新民高中,商業經營科
158,國立澎湖科技大學,航運管理系,四技日間部,日間部四技航運管理系一甲,1112408016,甄選入學,甄選一般生,商管群,434,台中市私立新民高中,國際貿易科
159,國立澎湖科技大學,航運管理系,四技日間部,日間部四技航運管理系一甲,1112408017,甄選入學,甄選一般生,商管群,522,彰化縣國立北斗家商,商業經營科
160,國立澎湖科技大學,航運管理系,四技日間部,日間部四技航運管理系一甲,1112408018,甄選入學,甄選一般生,商管群,338,桃園縣私立新興高中,應用日語科
161,國立澎湖科技大學,航運管理系,四技日間部,日間部四技航運管理系一甲,1112408019,甄選入學,甄選一般生,商管群,350,新竹縣私立忠信高中,綜合高中部
162,國立澎湖科技大學,航運管理系,四技日間部,日間部四技航運管理系一甲,1112408020,甄選入學,甄選一般生,外語群英語類,338,桃園縣私立新興高中,應用英語科
163,國立澎湖科技大學,航運管理系,四技日間部,日間部四技航運管理系一甲,1112408021,甄選入學,甄選一般生,外語群英語類,407,台中市私立嶺東高中,應用英語科
164,國立澎湖科技大學,航運管理系,四技日間部,日間部四技航運管理系一甲,1112408022,甄選入學,甄選一般生,外語群英語類,203,基隆市私立二信高中,應用英語科
165,國立澎湖科技大學,航運管理系,四技日間部,日間部四技航運管理系一甲,1112408023,甄選入學,甄選一般生,外語群英語類,730,臺南縣國立新營高工,資訊科
166,國立澎湖科技大學,航運管理系,四技日間部,日間部四技航運管理系一甲,1112408024,甄選入學,甄選一般生,外語群英語類,330,嘉義市國立華南高商,應用英語科
167,國立澎湖科技大學,航運管理系,四技日間部,日間部四技航運管理系一甲,1112408025,甄選入學,甄選一般生,外語群英語類,608,嘉義市國立華南高商,應用英語科
168,國立澎湖科技大學,航運管理系,四技日間部,日間部四技航運管理系一甲,1112408026,聯合登記分發,聯登一般生,商管群,208,台北縣縣立金山高中,綜合高中部
169,國立澎湖科技大學,航運管理系,四技日間部,日間部四技航運管理系一甲,1112408028,聯合登記分發,聯登一般生,商管群,206,基隆市私立二信高中,應用英語科
170,國立澎湖科技大學,航運管理系,四技日間部,日間部四技航運管理系一甲,1112408029,聯合登記分發,聯登一般生,商管群,205,基隆市私立二信高中,應用英語科
171,國立澎湖科技大學,航運管理系,四技日間部,日間部四技航運管理系一甲,1112408030,聯合登記分發,聯登一般生,商管群,231,台北市市立松山家商,商業經營科
172,國立澎湖科技大學,航運管理系,四技日間部,日間部四技航運管理系一甲,1112408031,聯合登記分發,聯登一般生,商管群,251,台北縣國立淡水商工,會計事務科
173,國立澎湖科技大學,航運管理系,四技日間部,日間部四技航運管理系一甲,1112408033,聯合登記分發,聯登一般生,商管群,337,桃園縣私立振聲高中,電子商務(處理)科
174,國立澎湖科技大學,航運管理系,四技日間部,日間部四技航運管理系一甲,1112408034,聯合登記分發,聯登一般生,商管群,328,桃園縣國立中壢高商,國際貿易科
175,國立澎湖科技大學,航運管理系,四技日間部,日間部四技航運管理系一甲,1112408035,聯合登記分發,聯登一般生,商管群,351,新竹市國立新竹高商,國際貿易科
176,國立澎湖科技大學,航運管理系,四技日間部,日間部四技航運管理系一甲,1112408036,聯合登記分發,聯登一般生,商管群,427,台中市私立新民高中,國際貿易科
177,國立澎湖科技大學,航運管理系,四技日間部,日間部四技航運管理系一甲,1112408037,聯合登記分發,聯登一般生,商管群,432,台中縣國立大甲高中,綜合高中部
178,國立澎湖科技大學,航運管理系,四技日間部,日間部四技航運管理系一甲,1112408038,聯合登記分發,聯登一般生,商管群,500,彰化縣國立員林家商,國際貿易科
179,國立澎湖科技大學,航運管理系,四技日間部,日間部四技航運管理系一甲,1112408039,聯合登記分發,聯登一般生,商管群,505,彰化縣國立北斗家商,商業經營科
180,國立澎湖科技大學,航運管理系,四技日間部,日間部四技航運管理系一甲,1112408040,聯合登記分發,聯登一般生,商管群,511,彰化縣國立員林家商,國際貿易科
181,國立澎湖科技大學,航運管理系,四技日間部,日間部四技航運管理系一甲,1112408041,聯合登記分發,聯登一般生,商管群,640,雲林縣國立土庫商工,商業經營科
182,國立澎湖科技大學,航運管理系,四技日間部,日間部四技航運管理系一甲,1112408043,聯合登記分發,聯登一般生,商管群,714,臺南縣國立玉井工商,資料處理科
183,國立澎湖科技大學,航運管理系,四技日間部,日間部四技航運管理系一甲,1112408044,聯合登記分發,聯登一般生,商管群,721,臺南縣國立新營高中,流通管理科
184,國立澎湖科技大學,航運管理系,四技日間部,日間部四技航運管理系一甲,1112408045,聯合登記分發,聯登一般生,商管群,820,高雄市市立海青工商,資料處理科
185,國立澎湖科技大學,航運管理系,四技日間部,日間部四技航運管理系一甲,1112408046,聯合登記分發,聯登一般生,商管群,802,高雄縣國立鳳山商工,會計事務科
186,國立澎湖科技大學,航運管理系,四技日間部,日間部四技航運管理系一甲,1112408048,聯合登記分發,聯登一般生,商管群,263,宜蘭縣國立宜蘭高商,國際貿易科
187,國立澎湖科技大學,航運管理系,四技日間部,日間部四技航運管理系一甲,1112408049,聯合登記分發,聯登一般生,外語群英語類,428,台中縣國立豐原高商,應用英語科
188,國立澎湖科技大學,航運管理系,四技日間部,日間部四技航運管理系一甲,1112408050,聯合登記分發,聯登一般生,外語群英語類,407,台中市私立新民高中,應用英語科
189,國立澎湖科技大學,資訊管理系,四技日間部,日間部四技資訊管理系一甲,1112410001,繁星推甄,繁星生,商管群,557,南投縣國立竹山高中,資料處理科
190,國立澎湖科技大學,資訊管理系,四技日間部,日間部四技資訊管理系一甲,1112410002,技優甄審,技優生,電子類,320,桃園縣私立新興高中,資料處理科
191,國立澎湖科技大學,資訊管理系,四技日間部,日間部四技資訊管理系一甲,1112410003,甄選入學,離島地區,電機與電子群資電類,880,澎湖縣國立澎湖海事高職,資訊科
192,國立澎湖科技大學,資訊管理系,四技日間部,日間部四技資訊管理系一甲,1112410004,甄選入學,甄選一般生,電機與電子群資電類,265,宜蘭縣國立羅東高工,資訊科
193,國立澎湖科技大學,資訊管理系,四技日間部,日間部四技資訊管理系一甲,1112410005,甄選入學,甄選一般生,電機與電子群資電類,221,台北市市立內湖高工,電子科
194,國立澎湖科技大學,資訊管理系,四技日間部,日間部四技資訊管理系一甲,1112410006,甄選入學,甄選一般生,商管群,880,澎湖縣國立馬公高中,商業經營科
195,國立澎湖科技大學,資訊管理系,四技日間部,日間部四技資訊管理系一甲,1112410007,甄選入學,甄選一般生,商管群,330,桃園縣私立新興高中,應用日語科
196,國立澎湖科技大學,資訊管理系,四技日間部,日間部四技資訊管理系一甲,1112410008,甄選入學,甄選一般生,商管群,880,澎湖縣國立馬公高中,資料處理科
197,國立澎湖科技大學,資訊管理系,四技日間部,日間部四技資訊管理系一甲,1112410009,甄選入學,甄選一般生,商管群,813,高雄市立楠梓高中,綜合高中部
198,國立澎湖科技大學,資訊管理系,四技日間部,日間部四技資訊管理系一甲,1112410010,甄選入學,甄選一般生,商管群,811,高雄市立楠梓高中,綜合高中部
199,國立澎湖科技大學,資訊管理系,四技日間部,日間部四技資訊管理系一甲,1112410011,甄選入學,甄選一般生,商管群,324,桃園縣私立育達高中,資料處理科
200,國立澎湖科技大學,資訊管理系,四技日間部,日間部四技資訊管理系一甲,1112410012,甄選入學,甄選一般生,商管群,320,桃園縣私立育達高中,資料處理科
201,國立澎湖科技大學,資訊管理系,四技日間部,日間部四技資訊管理系一甲,1112410013,甄選入學,甄選一般生,商管群,241,台北縣國立三重商工,資料處理科
202,國立澎湖科技大學,資訊管理系,四技日間部,日間部四技資訊管理系一甲,1112410014,甄選入學,甄選一般生,商管群,433,台中縣私立明道高中,資料處理科
203,國立澎湖科技大學,資訊管理系,四技日間部,日間部四技資訊管理系一甲,1112410015,甄選入學,甄選一般生,商管群,702,臺南縣國立曾文家商,資料處理科
204,國立澎湖科技大學,資訊管理系,四技日間部,日間部四技資訊管理系一甲,1112410016,甄選入學,甄選一般生,商管群,621,嘉義市國立華南高商,應用英語科
205,國立澎湖科技大學,資訊管理系,四技日間部,日間部四技資訊管理系一甲,1112410017,甄選入學,甄選一般生,商管群,806,高雄市市立三民家商,資料處理科
206,國立澎湖科技大學,資訊管理系,四技日間部,日間部四技資訊管理系一甲,1112410018,聯合登記分發,聯登一般生,電機與電子群資電類,717,臺南縣國立台南高工,電子科
207,國立澎湖科技大學,資訊管理系,四技日間部,日間部四技資訊管理系一甲,1112410020,聯合登記分發,聯登一般生,商管群,241,台北縣國立三重商工,商業經營科
208,國立澎湖科技大學,資訊管理系,四技日間部,日間部四技資訊管理系一甲,1112410021,聯合登記分發,聯登一般生,商管群,320,桃園縣私立新興高中,資料處理科
209,國立澎湖科技大學,資訊管理系,四技日間部,日間部四技資訊管理系一甲,1112410022,聯合登記分發,聯登一般生,商管群,335,桃園縣私立新興高中,應用日語科
210,國立澎湖科技大學,資訊管理系,四技日間部,日間部四技資訊管理系一甲,1112410023,聯合登記分發,聯登一般生,商管群,338,桃園縣私立新興高中,應用日語科
211,國立澎湖科技大學,資訊管理系,四技日間部,日間部四技資訊管理系一甲,1112410027,聯合登記分發,聯登一般生,商管群,300,新竹市私立磐石高中,資料處理科
212,國立澎湖科技大學,資訊管理系,四技日間部,日間部四技資訊管理系一甲,1112410028,聯合登記分發,聯登一般生,商管群,351,台中市國立台中科技大學,會計資訊科
213,國立澎湖科技大學,資訊管理系,四技日間部,日間部四技資訊管理系一甲,1112410029,聯合登記分發,聯登一般生,商管群,303,新竹縣私立義民高中,資料處理科
214,國立澎湖科技大學,資訊管理系,四技日間部,日間部四技資訊管理系一甲,1112410030,聯合登記分發,聯登一般生,商管群,307,新竹縣國立關西高中,綜合高中部
215,國立澎湖科技大學,資訊管理系,四技日間部,日間部四技資訊管理系一甲,1112410031,聯合登記分發,聯登一般生,商管群,350,苗栗縣國立苗栗高商,資料處理科
216,國立澎湖科技大學,資訊管理系,四技日間部,日間部四技資訊管理系一甲,1112410032,聯合登記分發,聯登一般生,商管群,406,台中縣國立豐原高商,資料處理科
217,國立澎湖科技大學,資訊管理系,四技日間部,日間部四技資訊管理系一甲,1112410033,聯合登記分發,聯登一般生,商管群,406,台中縣縣立新社中學,資料處理科
218,國立澎湖科技大學,資訊管理系,四技日間部,日間部四技資訊管理系一甲,1112410034,聯合登記分發,聯登一般生,商管群,421,苗栗縣國立卓蘭高級中等學校,電子商務(處理)科
219,國立澎湖科技大學,資訊管理系,四技日間部,日間部四技資訊管理系一甲,1112410036,聯合登記分發,聯登一般生,商管群,420,台中市私立宜寧高中,應用英語科
220,國立澎湖科技大學,資訊管理系,四技日間部,日間部四技資訊管理系一甲,1112410037,聯合登記分發,聯登一般生,商管群,540,南投縣國立南投高商,商業經營科
221,國立澎湖科技大學,資訊管理系,四技日間部,日間部四技資訊管理系一甲,1112410039,聯合登記分發,聯登一般生,商管群,640,雲林縣國立斗六家商,資料處理科
222,國立澎湖科技大學,資訊管理系,四技日間部,日間部四技資訊管理系一甲,1112410040,聯合登記分發,聯登一般生,商管群,653,雲林縣國立北港高中,資料處理科
223,國立澎湖科技大學,資訊管理系,四技日間部,日間部四技資訊管理系一甲,1112410042,聯合登記分發,聯登一般生,商管群,708,台南市私立長榮高中,國際貿易科
224,國立澎湖科技大學,資訊管理系,四技日間部,日間部四技資訊管理系一甲,1112410043,聯合登記分發,聯登一般生,商管群,721,臺南縣國立曾文家商,電子商務(處理)科
225,國立澎湖科技大學,資訊管理系,四技日間部,日間部四技資訊管理系一甲,1112410045,聯合登記分發,聯登一般生,商管群,736,臺南縣國立新營高中,商業經營科
226,國立澎湖科技大學,資訊管理系,四技日間部,日間部四技資訊管理系一甲,1112410046,聯合登記分發,聯登一般生,商管群,813,高雄市市立三民家商,資料處理科
227,國立澎湖科技大學,資訊管理系,四技日間部,日間部四技資訊管理系一甲,1112410047,聯合登記分發,聯登一般生,商管群,813,高雄市市立三民家商,資料處理科
228,國立澎湖科技大學,資訊管理系,四技日間部,日間部四技資訊管理系一甲,1112410048,聯合登記分發,聯登一般生,商管群,812,高雄市市立高雄高商,商業經營科
229,國立澎湖科技大學,資訊管理系,四技日間部,日間部四技資訊管理系一甲,1112410049,聯合登記分發,聯登一般生,商管群,804,高雄市市立海青工商,資料處理科
230,國立澎湖科技大學,資訊管理系,四技日間部,日間部四技資訊管理系一甲,1112410051,聯合登記分發,聯登一般生,商管群,806,高雄縣國立鳳山商工,會計事務科
231,國立澎湖科技大學,觀光休閒系,四技日間部,日間部四技觀光休閒系一甲,1112411002,繁星推甄,繁星生,餐旅群,334,桃園縣私立成功工商,餐飲管理科
232,國立澎湖科技大學,觀光休閒系,四技日間部,日間部四技觀光休閒系一甲,1112411004,技優甄審,技優生,農業類,813,高雄縣國立岡山農工,園藝科
233,國立澎湖科技大學,觀光休閒系,四技日間部,日間部四技觀光休閒系一甲,1112411005,甄選入學,甄選一般生,商管群,840,高雄市私立立志高中,資料處理科
234,國立澎湖科技大學,觀光休閒系,四技日間部,日間部四技觀光休閒系一甲,1112411006,甄選入學,甄選一般生,商管群,334,桃園縣私立治平高中,應用日語科
235,國立澎湖科技大學,觀光休閒系,四技日間部,日間部四技觀光休閒系一甲,1112411007,甄選入學,甄選一般生,商管群,880,澎湖縣國立馬公高中,商業經營科
236,國立澎湖科技大學,觀光休閒系,四技日間部,日間部四技觀光休閒系一甲,1112411008,甄選入學,甄選一般生,商管群,880,澎湖縣國立馬公高中,資料處理科
237,國立澎湖科技大學,觀光休閒系,四技日間部,日間部四技觀光休閒系一甲,1112411009,甄選入學,甄選一般生,商管群,249,台北縣國立三重商工,國際貿易科
238,國立澎湖科技大學,觀光休閒系,四技日間部,日間部四技觀光休閒系一甲,1112411010,甄選入學,甄選一般生,商管群,437,苗栗縣國立卓蘭高級中等學校,商業經營科
239,國立澎湖科技大學,觀光休閒系,四技日間部,日間部四技觀光休閒系一甲,1112411012,甄選入學,甄選一般生,商管群,207,基隆市私立二信高中,應用英語科
240,國立澎湖科技大學,觀光休閒系,四技日間部,日間部四技觀光休閒系一甲,1112411013,甄選入學,甄選一般生,商管群,337,桃園縣私立啟英高中,應用英語科
241,國立澎湖科技大學,觀光休閒系,四技日間部,日間部四技觀光休閒系一甲,1112411014,甄選入學,甄選一般生,商管群,330,桃園縣私立啟英高中,應用英語科
242,國立澎湖科技大學,觀光休閒系,四技日間部,日間部四技觀光休閒系一甲,1112411015,甄選入學,甄選一般生,商管群,840,高雄市市立海青工商,會計事務科
243,國立澎湖科技大學,觀光休閒系,四技日間部,日間部四技觀光休閒系一甲,1112411016,甄選入學,甄選一般生,商管群,302,新竹縣私立義民高中,商用資訊科
244,國立澎湖科技大學,觀光休閒系,四技日間部,日間部四技觀光休閒系一甲,1112411017,甄選入學,甄選一般生,商管群,364,苗栗縣國立卓蘭高級中等學校,國際貿易科
245,國立澎湖科技大學,觀光休閒系,四技日間部,日間部四技觀光休閒系一甲,1112411018,甄選入學,甄選一般生,農業群,367,苗栗縣國立苗栗農工,園藝科
246,國立澎湖科技大學,觀光休閒系,四技日間部,日間部四技觀光休閒系一甲,1112411019,甄選入學,甄選一般生,餐旅群,821,高雄市私立樹德家商,餐飲管理科
247,國立澎湖科技大學,觀光休閒系,四技日間部,日間部四技觀光休閒系一甲,1112411020,甄選入學,甄選一般生,餐旅群,401,台中縣私立明道高中,觀光事業科
248,國立澎湖科技大學,觀光休閒系,四技日間部,日間部四技觀光休閒系一甲,1112411021,運動績優單招,一般生,,244,台北縣私立莊敬工家,資訊科
249,國立澎湖科技大學,觀光休閒系,四技日間部,日間部四技觀光休閒系一甲,1112411022,運動績優單招,一般生,,356,苗栗縣國立苑裡高中,體育班
250,國立澎湖科技大學,觀光休閒系,四技日間部,日間部四技觀光休閒系一甲,1112411023,運動績優單招,一般生,,330,桃園縣國立桃園農工,造園技術科
251,國立澎湖科技大學,觀光休閒系,四技日間部,日間部四技觀光休閒系一甲,1112411025,聯合登記分發,聯登一般生,商管群,235,新北市立光復高級中學,普通科
252,國立澎湖科技大學,觀光休閒系,四技日間部,日間部四技觀光休閒系一甲,1112411028,聯合登記分發,聯登一般生,商管群,337,桃園縣國立中壢高商,國際貿易科
253,國立澎湖科技大學,觀光休閒系,四技日間部,日間部四技觀光休閒系一甲,1112411031,聯合登記分發,聯登一般生,商管群,350,苗栗縣國立苗栗高商,資料處理科
254,國立澎湖科技大學,觀光休閒系,四技日間部,日間部四技觀光休閒系一甲,1112411033,聯合登記分發,聯登一般生,商管群,361,台中市私立嶺東高中,商業經營科
255,國立澎湖科技大學,觀光休閒系,四技日間部,日間部四技觀光休閒系一甲,1112411035,聯合登記分發,聯登一般生,商管群,542,南投縣國立草屯商工,商業經營科
256,國立澎湖科技大學,觀光休閒系,四技日間部,日間部四技觀光休閒系一甲,1112411036,聯合登記分發,聯登一般生,商管群,503,彰化縣國立北斗家商,商業經營科
257,國立澎湖科技大學,觀光休閒系,四技日間部,日間部四技觀光休閒系一甲,1112411039,聯合登記分發,聯登一般生,商管群,829,高雄市私立樹德家商,資料處理科
258,國立澎湖科技大學,觀光休閒系,四技日間部,日間部四技觀光休閒系一甲,1112411040,聯合登記分發,聯登一般生,商管群,820,高雄市市立海青工商,資料處理科
259,國立澎湖科技大學,觀光休閒系,四技日間部,日間部四技觀光休閒系一甲,1112411041,聯合登記分發,聯登一般生,商管群,833,高雄市市立三民家商,資料處理科
260,國立澎湖科技大學,觀光休閒系,四技日間部,日間部四技觀光休閒系一甲,1112411042,聯合登記分發,聯登一般生,農業群,241,台北市市立松山工農,園藝科
261,國立澎湖科技大學,觀光休閒系,四技日間部,日間部四技觀光休閒系一甲,1112411043,聯合登記分發,聯登一般生,農業群,432,台中市國立台中高農,園藝科
262,國立澎湖科技大學,觀光休閒系,四技日間部,日間部四技觀光休閒系一乙,1112411047,繁星推甄,繁星生,餐旅群,310,新竹縣私立東泰高中,餐飲管理科
263,國立澎湖科技大學,觀光休閒系,四技日間部,日間部四技觀光休閒系一乙,1112411048,技優甄審,技優生,商業類,633,嘉義市私立東吳工家,觀光事業科
264,國立澎湖科技大學,觀光休閒系,四技日間部,日間部四技觀光休閒系一乙,1112411049,技優甄審,技優生,餐旅類,350,苗栗縣私立君毅高中,觀光事業科
265,國立澎湖科技大學,觀光休閒系,四技日間部,日間部四技觀光休閒系一乙,1112411050,特殊選才,特選-扎根計畫,,880,澎湖縣國立澎湖海事高職,餐飲管理科
266,國立澎湖科技大學,觀光休閒系,四技日間部,日間部四技觀光休閒系一乙,1112411051,甄選入學,甄選一般生,農業群,352,苗栗縣國立苗栗農工,園藝科
267,國立澎湖科技大學,觀光休閒系,四技日間部,日間部四技觀光休閒系一乙,1112411053,甄選入學,甄選一般生,餐旅群,414,台中縣私立僑泰高中,餐飲管理科
268,國立澎湖科技大學,觀光休閒系,四技日間部,日間部四技觀光休閒系一乙,1112411054,甄選入學,甄選一般生,餐旅群,408,台中縣私立僑泰高中,餐飲管理科
269,國立澎湖科技大學,觀光休閒系,四技日間部,日間部四技觀光休閒系一乙,1112411055,甄選入學,離島地區,餐旅群,881,澎湖縣國立澎湖海事高職,餐飲管理科
270,國立澎湖科技大學,觀光休閒系,四技日間部,日間部四技觀光休閒系一乙,1112411056,甄選入學,甄選一般生,餐旅群,880,澎湖縣國立馬公高中,觀光事業科
271,國立澎湖科技大學,觀光休閒系,四技日間部,日間部四技觀光休閒系一乙,1112411057,甄選入學,甄選一般生,餐旅群,414,台中縣私立明道高中,觀光事業科
272,國立澎湖科技大學,觀光休閒系,四技日間部,日間部四技觀光休閒系一乙,1112411058,甄選入學,離島地區,餐旅群,884,澎湖縣國立馬公高中,觀光事業科
273,國立澎湖科技大學,觀光休閒系,四技日間部,日間部四技觀光休閒系一乙,1112411059,甄選入學,甄選一般生,餐旅群,428,台中市明德高級中學,觀光事業科
274,國立澎湖科技大學,觀光休閒系,四技日間部,日間部四技觀光休閒系一乙,1112411060,甄選入學,甄選一般生,餐旅群,811,高雄市市立三民家商,觀光事業科
275,國立澎湖科技大學,觀光休閒系,四技日間部,日間部四技觀光休閒系一乙,1112411061,甄選入學,離島地區,餐旅群,880,澎湖縣國立馬公高中,觀光事業科
276,國立澎湖科技大學,觀光休閒系,四技日間部,日間部四技觀光休閒系一乙,1112411062,甄選入學,甄選一般生,餐旅群,404,台中市私立新民高中,觀光事業科
277,國立澎湖科技大學,觀光休閒系,四技日間部,日間部四技觀光休閒系一乙,1112411063,甄選入學,甄選一般生,餐旅群,244,台北縣私立醒吾高中,觀光事業科
278,國立澎湖科技大學,觀光休閒系,四技日間部,日間部四技觀光休閒系一乙,1112411064,甄選入學,甄選一般生,餐旅群,338,台北縣私立醒吾高中,觀光事業科
279,國立澎湖科技大學,觀光休閒系,四技日間部,日間部四技觀光休閒系一乙,1112411065,甄選入學,甄選一般生,餐旅群,320,桃園縣私立新興高中,觀光事業科
280,國立澎湖科技大學,觀光休閒系,四技日間部,日間部四技觀光休閒系一乙,1112411066,甄選入學,甄選一般生,餐旅群,330,桃園縣私立永平工商,餐飲管理科
281,國立澎湖科技大學,觀光休閒系,四技日間部,日間部四技觀光休閒系一乙,1112411067,運動績優單招,一般生,,434,台中市立龍津高級中等學校,普通科
282,國立澎湖科技大學,觀光休閒系,四技日間部,日間部四技觀光休閒系一乙,1112411068,運動績優單招,一般生,,741,臺南縣國立善化高中,普通科
283,國立澎湖科技大學,觀光休閒系,四技日間部,日間部四技觀光休閒系一乙,1112411070,聯合登記分發,聯登一般生,農業群,407,台中市國立台中高農,園藝科
284,國立澎湖科技大學,觀光休閒系,四技日間部,日間部四技觀光休閒系一乙,1112411074,聯合登記分發,聯登一般生,餐旅群,333,桃園縣私立永平工商,餐飲管理科
285,國立澎湖科技大學,觀光休閒系,四技日間部,日間部四技觀光休閒系一乙,1112411076,聯合登記分發,聯登一般生,餐旅群,402,台中縣私立明道高中,餐飲管理科
286,國立澎湖科技大學,觀光休閒系,四技日間部,日間部四技觀光休閒系一乙,1112411078,聯合登記分發,聯登一般生,餐旅群,408,台中縣私立僑泰高中,餐飲管理科
287,國立澎湖科技大學,觀光休閒系,四技日間部,日間部四技觀光休閒系一乙,1112411079,聯合登記分發,聯登一般生,餐旅群,408,台中市私立嶺東高中,觀光事業科
288,國立澎湖科技大學,觀光休閒系,四技日間部,日間部四技觀光休閒系一乙,1112411080,聯合登記分發,聯登一般生,餐旅群,704,台中市私立嶺東高中,觀光事業科
289,國立澎湖科技大學,觀光休閒系,四技日間部,日間部四技觀光休閒系一乙,1112411085,聯合登記分發,聯登一般生,餐旅群,506,台中縣私立明道高中,觀光事業科
290,國立澎湖科技大學,觀光休閒系,四技日間部,日間部四技觀光休閒系一乙,1112411086,聯合登記分發,聯登一般生,餐旅群,743,台南市亞洲高級餐旅職業學校,餐飲管理科
291,國立澎湖科技大學,觀光休閒系,四技日間部,日間部四技觀光休閒系一乙,1112411089,聯合登記分發,聯登一般生,餐旅群,726,臺南縣國立曾文家商,餐飲管理科
292,國立澎湖科技大學,食品科學系,四技日間部,日間部四技食品科學系一甲,1112413001,繁星推甄,繁星生,食品群,351,苗栗縣私立中興商工,烘焙食品科
293,國立澎湖科技大學,食品科學系,四技日間部,日間部四技食品科學系一甲,1112413002,甄選入學,甄選一般生,食品類,420,台中市國立台中高農,食品加工科
294,國立澎湖科技大學,食品科學系,四技日間部,日間部四技食品科學系一甲,1112413003,甄選入學,甄選一般生,食品類,721,北門農工,食品加工科
295,國立澎湖科技大學,食品科學系,四技日間部,日間部四技食品科學系一甲,1112413004,甄選入學,甄選一般生,食品類,722,北門農工,食品加工科
296,國立澎湖科技大學,食品科學系,四技日間部,日間部四技食品科學系一甲,1112413005,甄選入學,甄選一般生,食品類,724,北門農工,食品加工科
297,國立澎湖科技大學,食品科學系,四技日間部,日間部四技食品科學系一甲,1112413006,甄選入學,甄選一般生,食品類,722,北門農工,食品加工科
298,國立澎湖科技大學,食品科學系,四技日間部,日間部四技食品科學系一甲,1112413007,甄選入學,甄選一般生,食品類,701,台南市國立台南海事,水產食品科
299,國立澎湖科技大學,食品科學系,四技日間部,日間部四技食品科學系一甲,1112413008,甄選入學,甄選一般生,食品類,701,台南市國立台南海事,水產食品科
300,國立澎湖科技大學,食品科學系,四技日間部,日間部四技食品科學系一甲,1112413009,甄選入學,甄選一般生,食品類,510,彰化縣國立員林農工,食品加工科
301,國立澎湖科技大學,食品科學系,四技日間部,日間部四技食品科學系一甲,1112413010,甄選入學,甄選一般生,食品類,236,台北市市立松山工農,食品加工科
302,國立澎湖科技大學,食品科學系,四技日間部,日間部四技食品科學系一甲,1112413011,甄選入學,甄選一般生,食品類,116,台北市市立松山工農,食品加工科
303,國立澎湖科技大學,食品科學系,四技日間部,日間部四技食品科學系一甲,1112413012,甄選入學,離島地區,食品類,880,澎湖縣國立澎湖海事高職,水產食品科
304,國立澎湖科技大學,食品科學系,四技日間部,日間部四技食品科學系一甲,1112413013,甄選入學,離島地區,食品類,883,澎湖縣國立澎湖海事高職,水產食品科
305,國立澎湖科技大學,食品科學系,四技日間部,日間部四技食品科學系一甲,1112413014,甄選入學,甄選一般生,食品類,880,澎湖縣國立澎湖海事高職,水產食品科
306,國立澎湖科技大學,食品科學系,四技日間部,日間部四技食品科學系一甲,1112413015,甄選入學,甄選一般生,食品類,822,高雄縣國立岡山農工,食品加工科
307,國立澎湖科技大學,食品科學系,四技日間部,日間部四技食品科學系一甲,1112413016,甄選入學,離島地區,食品類,880,澎湖縣國立澎湖海事高職,水產食品科
308,國立澎湖科技大學,食品科學系,四技日間部,日間部四技食品科學系一甲,1112413017,甄選入學,甄選一般生,食品類,206,基隆市國立基隆海事,食品科
309,國立澎湖科技大學,食品科學系,四技日間部,日間部四技食品科學系一甲,1112413018,甄選入學,甄選一般生,食品類,202,基隆市國立基隆海事,食品科
310,國立澎湖科技大學,食品科學系,四技日間部,日間部四技食品科學系一甲,1112413019,甄選入學,甄選一般生,食品類,640,雲林縣國立虎尾農工,食品加工科
311,國立澎湖科技大學,食品科學系,四技日間部,日間部四技食品科學系一甲,1112413020,甄選入學,甄選一般生,食品類,239,基隆市國立基隆海事,食品科
312,國立澎湖科技大學,食品科學系,四技日間部,日間部四技食品科學系一甲,1112413021,甄選入學,甄選一般生,食品類,369,苗栗縣國立大湖農工,食品加工科
313,國立澎湖科技大學,食品科學系,四技日間部,日間部四技食品科學系一甲,1112413022,甄選入學,甄選一般生,食品類,826,高雄縣國立岡山農工,食品加工科
314,國立澎湖科技大學,食品科學系,四技日間部,日間部四技食品科學系一甲,1112413023,甄選入學,甄選一般生,食品類,811,高雄縣國立岡山農工,食品加工科
315,國立澎湖科技大學,食品科學系,四技日間部,日間部四技食品科學系一甲,1112413024,甄選入學,甄選一般生,食品類,721,臺南縣國立曾文農工,食品加工科
316,國立澎湖科技大學,食品科學系,四技日間部,日間部四技食品科學系一甲,1112413025,甄選入學,甄選一般生,食品類,434,台中縣國立霧峰農工,食品加工科
317,國立澎湖科技大學,食品科學系,四技日間部,日間部四技食品科學系一甲,1112413026,甄選入學,甄選一般生,食品類,412,台中縣國立霧峰農工,食品加工科
318,國立澎湖科技大學,食品科學系,四技日間部,日間部四技食品科學系一甲,1112413027,甄選入學,甄選一般生,食品類,411,台中縣國立霧峰農工,食品加工科
319,國立澎湖科技大學,食品科學系,四技日間部,日間部四技食品科學系一甲,1112413028,甄選入學,甄選一般生,食品類,270,宜蘭縣國立蘇澳海事,水產食品科
320,國立澎湖科技大學,食品科學系,四技日間部,日間部四技食品科學系一甲,1112413029,聯合登記分發,聯登一般生,食品群,105,台北市市立松山工農,食品加工科
321,國立澎湖科技大學,食品科學系,四技日間部,日間部四技食品科學系一甲,1112413030,聯合登記分發,聯登一般生,食品群,221,台北市市立松山工農,食品加工科
322,國立澎湖科技大學,食品科學系,四技日間部,日間部四技食品科學系一甲,1112413031,聯合登記分發,聯登一般生,食品群,234,台北市市立松山工農,食品加工科
323,國立澎湖科技大學,食品科學系,四技日間部,日間部四技食品科學系一甲,1112413032,聯合登記分發,聯登一般生,食品群,236,台北市市立松山工農,食品加工科
324,國立澎湖科技大學,食品科學系,四技日間部,日間部四技食品科學系一甲,1112413033,聯合登記分發,聯登一般生,食品群,221,基隆市國立基隆海事,食品科
325,國立澎湖科技大學,食品科學系,四技日間部,日間部四技食品科學系一甲,1112413034,聯合登記分發,聯登一般生,食品群,336,桃園縣國立龍潭高級中學,食品加工科
326,國立澎湖科技大學,食品科學系,四技日間部,日間部四技食品科學系一甲,1112413035,聯合登記分發,聯登一般生,食品群,334,桃園縣國立龍潭高級中學,食品加工科
327,國立澎湖科技大學,食品科學系,四技日間部,日間部四技食品科學系一甲,1112413036,聯合登記分發,聯登一般生,食品群,300,新竹縣國立關西高中,食品加工科
328,國立澎湖科技大學,食品科學系,四技日間部,日間部四技食品科學系一甲,1112413037,聯合登記分發,聯登一般生,食品群,360,苗栗縣國立苗栗農工,食品加工科
329,國立澎湖科技大學,食品科學系,四技日間部,日間部四技食品科學系一甲,1112413038,聯合登記分發,聯登一般生,食品群,351,苗栗縣國立大湖農工,食品加工科
330,國立澎湖科技大學,食品科學系,四技日間部,日間部四技食品科學系一甲,1112413039,聯合登記分發,聯登一般生,食品群,356,苗栗縣國立苗栗農工,食品加工科
331,國立澎湖科技大學,食品科學系,四技日間部,日間部四技食品科學系一甲,1112413040,聯合登記分發,聯登一般生,食品群,413,台中縣國立霧峰農工,食品加工科
332,國立澎湖科技大學,食品科學系,四技日間部,日間部四技食品科學系一甲,1112413041,聯合登記分發,聯登一般生,食品群,647,雲林縣國立西螺農工,食品加工科
333,國立澎湖科技大學,食品科學系,四技日間部,日間部四技食品科學系一甲,1112413042,聯合登記分發,聯登一般生,食品群,648,雲林縣國立西螺農工,綜合高中部
334,國立澎湖科技大學,食品科學系,四技日間部,日間部四技食品科學系一甲,1112413043,聯合登記分發,聯登一般生,食品群,640,雲林縣國立西螺農工,食品加工科
335,國立澎湖科技大學,食品科學系,四技日間部,日間部四技食品科學系一甲,1112413044,聯合登記分發,聯登一般生,食品群,640,雲林縣國立西螺農工,食品加工科
336,國立澎湖科技大學,食品科學系,四技日間部,日間部四技食品科學系一甲,1112413045,聯合登記分發,聯登一般生,食品群,623,嘉義市國立嘉義高商,食品科
337,國立澎湖科技大學,食品科學系,四技日間部,日間部四技食品科學系一甲,1112413046,聯合登記分發,聯登一般生,食品群,623,嘉義市國立嘉義高商,食品科
338,國立澎湖科技大學,食品科學系,四技日間部,日間部四技食品科學系一甲,1112413047,聯合登記分發,聯登一般生,食品群,600,嘉義市國立嘉義高商,食品科
339,國立澎湖科技大學,食品科學系,四技日間部,日間部四技食品科學系一甲,1112413048,聯合登記分發,聯登一般生,食品群,725,北門農工,食品加工科
340,國立澎湖科技大學,食品科學系,四技日間部,日間部四技食品科學系一甲,1112413050,聯合登記分發,聯登一般生,食品群,820,高雄縣國立岡山農工,食品加工科
341,國立澎湖科技大學,食品科學系,四技日間部,日間部四技食品科學系一甲,1112413051,聯合登記分發,聯登一般生,食品群,820,高雄縣國立岡山農工,食品加工科
342,國立澎湖科技大學,食品科學系,四技日間部,日間部四技食品科學系一甲,1112413053,聯合登記分發,聯登一般生,食品群,912,屏東縣國立內埔農工,食品加工科
343,國立澎湖科技大學,食品科學系,四技日間部,日間部四技食品科學系一甲,1112413054,聯合登記分發,聯登一般生,食品群,920,屏東縣國立佳冬高農,食品加工科
344,國立澎湖科技大學,電信工程系,四技日間部,日間部四技電信工程系一甲,1112415001,繁星推甄,繁星生,電機與電子群,625,嘉義縣私立萬能工商,微電腦修護科
345,國立澎湖科技大學,電信工程系,四技日間部,日間部四技電信工程系一甲,1112415002,技優甄審,技優生,電子類,733,臺南縣國立新營高工,資訊科
346,國立澎湖科技大學,電信工程系,四技日間部,日間部四技電信工程系一甲,1112415003,技優甄審,技優生,電訊類,704,台南市國立台南海事,電子科
347,國立澎湖科技大學,電信工程系,四技日間部,日間部四技電信工程系一甲,1112415004,甄選入學,甄選一般生,動力機械群,235,台北市市立南港高工,重機科
348,國立澎湖科技大學,電信工程系,四技日間部,日間部四技電信工程系一甲,1112415005,甄選入學,甄選一般生,電機與電子群電機類,303,桃園縣私立治平高中,電機科
349,國立澎湖科技大學,電信工程系,四技日間部,日間部四技電信工程系一甲,1112415006,甄選入學,甄選一般生,電機與電子群電機類,325,桃園縣私立治平高中,電機科
350,國立澎湖科技大學,電信工程系,四技日間部,日間部四技電信工程系一甲,1112415007,甄選入學,甄選一般生,電機與電子群電機類,241,台北市市立松山工農,電機科
351,國立澎湖科技大學,電信工程系,四技日間部,日間部四技電信工程系一甲,1112415008,甄選入學,甄選一般生,電機與電子群電機類,231,台北市市立木柵高工,電機科
352,國立澎湖科技大學,電信工程系,四技日間部,日間部四技電信工程系一甲,1112415009,甄選入學,甄選一般生,電機與電子群電機類,106,台北市市立內湖高工,電機科
353,國立澎湖科技大學,電信工程系,四技日間部,日間部四技電信工程系一甲,1112415010,甄選入學,甄選一般生,電機與電子群電機類,247,,
354,國立澎湖科技大學,電信工程系,四技日間部,日間部四技電信工程系一甲,1112415011,甄選入學,甄選一般生,電機與電子群電機類,741,臺南縣國立新營高工,電機科
355,國立澎湖科技大學,電信工程系,四技日間部,日間部四技電信工程系一甲,1112415012,甄選入學,甄選一般生,電機與電子群資電類,724,北門農工,電子科
356,國立澎湖科技大學,電信工程系,四技日間部,日間部四技電信工程系一甲,1112415013,甄選入學,甄選一般生,電機與電子群資電類,407,台中市國立台中高工,電機科
357,國立澎湖科技大學,電信工程系,四技日間部,日間部四技電信工程系一甲,1112415014,甄選入學,甄選一般生,電機與電子群資電類,235,台北市市立木柵高工,電機科
358,國立澎湖科技大學,電信工程系,四技日間部,日間部四技電信工程系一甲,1112415015,甄選入學,甄選一般生,電機與電子群資電類,632,雲林縣國立西螺農工,電機科
359,國立澎湖科技大學,電信工程系,四技日間部,日間部四技電信工程系一甲,1112415016,甄選入學,甄選一般生,電機與電子群資電類,804,高雄市市立高雄高工,電子科
360,國立澎湖科技大學,電信工程系,四技日間部,日間部四技電信工程系一甲,1112415017,申請入學,一般生,,427,台中縣國立豐原高中,普通科
361,國立澎湖科技大學,電信工程系,四技日間部,日間部四技電信工程系一甲,1112415018,聯合登記分發,聯登一般生,動力機械群,422,台中縣國立東勢高工,汽車科
362,國立澎湖科技大學,電信工程系,四技日間部,日間部四技電信工程系一甲,1112415019,聯合登記分發,聯登一般生,動力機械群,813,高雄市市立高雄高工,汽車科
363,國立澎湖科技大學,電信工程系,四技日間部,日間部四技電信工程系一甲,1112415020,聯合登記分發,聯登一般生,電機與電子群電機類,204,台北市市立南港高工,電機科
364,國立澎湖科技大學,電信工程系,四技日間部,日間部四技電信工程系一甲,1112415021,聯合登記分發,聯登一般生,電機與電子群電機類,224,,
365,國立澎湖科技大學,電信工程系,四技日間部,日間部四技電信工程系一甲,1112415022,聯合登記分發,聯登一般生,電機與電子群電機類,241,台北市市立南港高工,電機科
366,國立澎湖科技大學,電信工程系,四技日間部,日間部四技電信工程系一甲,1112415023,聯合登記分發,聯登一般生,電機與電子群電機類,231,台北市市立木柵高工,冷凍空調科
367,國立澎湖科技大學,電信工程系,四技日間部,日間部四技電信工程系一甲,1112415024,聯合登記分發,聯登一般生,電機與電子群電機類,242,台北市市立南港高工,電機科
368,國立澎湖科技大學,電信工程系,四技日間部,日間部四技電信工程系一甲,1112415025,聯合登記分發,聯登一般生,電機與電子群電機類,241,台北縣國立淡水商工,控制科
369,國立澎湖科技大學,電信工程系,四技日間部,日間部四技電信工程系一甲,1112415027,聯合登記分發,聯登一般生,電機與電子群電機類,326,桃園縣私立治平高中,電機科
370,國立澎湖科技大學,電信工程系,四技日間部,日間部四技電信工程系一甲,1112415028,聯合登記分發,聯登一般生,電機與電子群電機類,330,桃園縣私立治平高中,電機科
371,國立澎湖科技大學,電信工程系,四技日間部,日間部四技電信工程系一甲,1112415029,聯合登記分發,聯登一般生,電機與電子群電機類,367,苗栗縣國立苗栗農工,電機科
372,國立澎湖科技大學,電信工程系,四技日間部,日間部四技電信工程系一甲,1112415030,聯合登記分發,聯登一般生,電機與電子群電機類,314,苗栗縣國立苗栗農工,電機空調科
373,國立澎湖科技大學,電信工程系,四技日間部,日間部四技電信工程系一甲,1112415032,聯合登記分發,聯登一般生,電機與電子群電機類,612,嘉義縣國立東石高中,電機科
374,國立澎湖科技大學,電信工程系,四技日間部,日間部四技電信工程系一甲,1112415033,聯合登記分發,聯登一般生,電機與電子群電機類,606,嘉義市私立東吳工家,汽車修護科
375,國立澎湖科技大學,電信工程系,四技日間部,日間部四技電信工程系一甲,1112415034,聯合登記分發,聯登一般生,電機與電子群電機類,722,北門農工,電機科
376,國立澎湖科技大學,電信工程系,四技日間部,日間部四技電信工程系一甲,1112415035,聯合登記分發,聯登一般生,電機與電子群電機類,734,臺南縣國立台南高工,電機科
377,國立澎湖科技大學,電信工程系,四技日間部,日間部四技電信工程系一甲,1112415036,聯合登記分發,聯登一般生,電機與電子群電機類,611,臺南縣國立新營高工,電機科
378,國立澎湖科技大學,電信工程系,四技日間部,日間部四技電信工程系一甲,1112415038,聯合登記分發,聯登一般生,電機與電子群電機類,807,高雄縣私立中山工商,家電技術科
379,國立澎湖科技大學,電信工程系,四技日間部,日間部四技電信工程系一甲,1112415041,聯合登記分發,聯登一般生,電機與電子群電機類,260,宜蘭縣國立羅東高工,電機科
380,國立澎湖科技大學,電信工程系,四技日間部,日間部四技電信工程系一甲,1112415042,聯合登記分發,聯登一般生,電機與電子群資電類,112,台北市市立內湖高工,資訊科
381,國立澎湖科技大學,電信工程系,四技日間部,日間部四技電信工程系一甲,1112415043,聯合登記分發,聯登一般生,電機與電子群資電類,221,台北市市立南港高工,電子科
382,國立澎湖科技大學,電信工程系,四技日間部,日間部四技電信工程系一甲,1112415045,聯合登記分發,聯登一般生,電機與電子群資電類,330,桃園縣國立桃園農工,電子科
383,國立澎湖科技大學,電信工程系,四技日間部,日間部四技電信工程系一甲,1112415047,聯合登記分發,聯登一般生,電機與電子群資電類,330,桃園縣私立新興高中,電子科
384,國立澎湖科技大學,電信工程系,四技日間部,日間部四技電信工程系一甲,1112415050,聯合登記分發,聯登一般生,電機與電子群資電類,328,桃園縣國立楊梅高中,電子科
385,國立澎湖科技大學,電信工程系,四技日間部,日間部四技電信工程系一甲,1112415051,聯合登記分發,聯登一般生,電機與電子群資電類,303,新竹縣私立義民高中,資訊科
386,國立澎湖科技大學,電信工程系,四技日間部,日間部四技電信工程系一甲,1112415052,聯合登記分發,聯登一般生,電機與電子群資電類,302,新竹縣私立義民高中,資訊科
387,國立澎湖科技大學,電信工程系,四技日間部,日間部四技電信工程系一甲,1112415053,聯合登記分發,聯登一般生,電機與電子群資電類,407,台中市私立嶺東高中,電子科
388,國立澎湖科技大學,電信工程系,四技日間部,日間部四技電信工程系一甲,1112415054,聯合登記分發,聯登一般生,電機與電子群資電類,402,台中縣私立明道高中,電子科
389,國立澎湖科技大學,電信工程系,四技日間部,日間部四技電信工程系一甲,1112415057,聯合登記分發,聯登一般生,電機與電子群資電類,702,台南市國立台南海事,電子科
390,國立澎湖科技大學,電信工程系,四技日間部,日間部四技電信工程系一甲,1112415058,聯合登記分發,聯登一般生,電機與電子群資電類,712,臺南縣國立新化高工,資訊科
391,國立澎湖科技大學,電信工程系,四技日間部,日間部四技電信工程系一甲,1112415059,聯合登記分發,聯登一般生,電機與電子群資電類,802,高雄市市立中正高工,資訊科
392,國立澎湖科技大學,海洋遊憩系,四技日間部,日間部四技海洋遊憩系一甲,1112416001,繁星推甄,繁星生,商管群,333,桃園縣私立成功工商,流通管理科
393,國立澎湖科技大學,海洋遊憩系,四技日間部,日間部四技海洋遊憩系一甲,1112416002,技優甄審,技優生,餐旅類,326,桃園縣私立永平工商,旅遊事務科
394,國立澎湖科技大學,海洋遊憩系,四技日間部,日間部四技海洋遊憩系一甲,1112416003,甄選入學,甄選一般生,商管群,334,桃園縣私立新興高中,應用日語科
395,國立澎湖科技大學,海洋遊憩系,四技日間部,日間部四技海洋遊憩系一甲,1112416004,甄選入學,甄選一般生,商管群,412,南投縣國立南投高商,商業經營科
396,國立澎湖科技大學,海洋遊憩系,四技日間部,日間部四技海洋遊憩系一甲,1112416005,甄選入學,甄選一般生,餐旅群,402,台中縣私立僑泰高中,餐飲管理科
397,國立澎湖科技大學,海洋遊憩系,四技日間部,日間部四技海洋遊憩系一甲,1112416006,甄選入學,甄選一般生,餐旅群,414,台中縣私立僑泰高中,餐飲管理科
398,國立澎湖科技大學,海洋遊憩系,四技日間部,日間部四技海洋遊憩系一甲,1112416007,甄選入學,離島地區,餐旅群,880,澎湖縣國立澎湖海事高職,餐飲管理科
399,國立澎湖科技大學,海洋遊憩系,四技日間部,日間部四技海洋遊憩系一甲,1112416008,甄選入學,甄選一般生,餐旅群,426,台中縣私立明道高中,餐飲管理科
400,國立澎湖科技大學,海洋遊憩系,四技日間部,日間部四技海洋遊憩系一甲,1112416009,甄選入學,甄選一般生,餐旅群,401,台中縣私立明道高中,觀光事業科
401,國立澎湖科技大學,海洋遊憩系,四技日間部,日間部四技海洋遊憩系一甲,1112416010,甄選入學,甄選一般生,餐旅群,402,台中市明德高級中學,餐飲管理科
402,國立澎湖科技大學,海洋遊憩系,四技日間部,日間部四技海洋遊憩系一甲,1112416011,甄選入學,甄選一般生,餐旅群,237,基隆市國立台灣海洋大學,觀光事業科
403,國立澎湖科技大學,海洋遊憩系,四技日間部,日間部四技海洋遊憩系一甲,1112416012,甄選入學,甄選一般生,餐旅群,427,台中市私立新民高中,觀光事業科
404,國立澎湖科技大學,海洋遊憩系,四技日間部,日間部四技海洋遊憩系一甲,1112416013,甄選入學,甄選一般生,餐旅群,203,基隆市國立基隆海事,航運管理科
405,國立澎湖科技大學,海洋遊憩系,四技日間部,日間部四技海洋遊憩系一甲,1112416014,甄選入學,甄選一般生,餐旅群,708,台南市國立台南高商,觀光事業科
406,國立澎湖科技大學,海洋遊憩系,四技日間部,日間部四技海洋遊憩系一甲,1112416015,甄選入學,甄選一般生,餐旅群,300,新竹市私立光復高中,餐飲管理科
407,國立澎湖科技大學,海洋遊憩系,四技日間部,日間部四技海洋遊憩系一甲,1112416016,甄選入學,甄選一般生,餐旅群,306,桃園縣私立永平工商,餐飲管理科
408,國立澎湖科技大學,海洋遊憩系,四技日間部,日間部四技海洋遊憩系一甲,1112416017,身心障礙單招,身心障礙生,,812,高雄市市立高雄女中,普通科
409,國立澎湖科技大學,海洋遊憩系,四技日間部,日間部四技海洋遊憩系一甲,1112416018,身心障礙單招,身心障礙生,,502,南投縣私立五育高中,照顧服務科
410,國立澎湖科技大學,海洋遊憩系,四技日間部,日間部四技海洋遊憩系一甲,1112416019,海外聯招,僑生,,,,
411,國立澎湖科技大學,海洋遊憩系,四技日間部,日間部四技海洋遊憩系一甲,1112416020,運動績優單招,一般生,,236,台中縣國立清水高中,普通科
412,國立澎湖科技大學,海洋遊憩系,四技日間部,日間部四技海洋遊憩系一甲,1112416021,運動績優單招,一般生,,300,新竹縣國立竹北高中,體育班
413,國立澎湖科技大學,海洋遊憩系,四技日間部,日間部四技海洋遊憩系一甲,1112416022,運動績優單招,一般生,,880,台中縣國立清水高中,普通科
414,國立澎湖科技大學,海洋遊憩系,四技日間部,日間部四技海洋遊憩系一甲,1112416023,運動績優單招,一般生,,238,台北縣縣立樹林高中,普通科
415,國立澎湖科技大學,海洋遊憩系,四技日間部,日間部四技海洋遊憩系一甲,1112416024,運動績優單招,一般生,,500,彰化縣立成功高級中學,普通科
416,國立澎湖科技大學,海洋遊憩系,四技日間部,日間部四技海洋遊憩系一甲,1112416025,運動績優單招,一般生,,115,台北市市立南港高中,普通科
417,國立澎湖科技大學,海洋遊憩系,四技日間部,日間部四技海洋遊憩系一甲,1112416026,運動績優單招,一般生,,514,彰化縣立成功高級中學,普通科
418,國立澎湖科技大學,海洋遊憩系,四技日間部,日間部四技海洋遊憩系一甲,1112416027,運動績優單招,一般生,,330,桃園縣國立桃園農工,普通科
419,國立澎湖科技大學,海洋遊憩系,四技日間部,日間部四技海洋遊憩系一甲,1112416028,運動績優單招,一般生,,702,台南市國立台南海事,普通科
420,國立澎湖科技大學,海洋遊憩系,四技日間部,日間部四技海洋遊憩系一甲,1112416029,運動績優單招,一般生,,357,台南市國立台南海事,普通科
421,國立澎湖科技大學,海洋遊憩系,四技日間部,日間部四技海洋遊憩系一甲,1112416030,運動績優單招,一般生,,500,彰化縣國立員林農工,普通科
422,國立澎湖科技大學,海洋遊憩系,四技日間部,日間部四技海洋遊憩系一甲,1112416031,運動績優單招,一般生,,420,台中市市立西苑中學,普通科
423,國立澎湖科技大學,海洋遊憩系,四技日間部,日間部四技海洋遊憩系一甲,1112416032,運動績優單招,一般生,,100,台北市市立西松高中,普通科
424,國立澎湖科技大學,海洋遊憩系,四技日間部,日間部四技海洋遊憩系一甲,1112416033,運動績優單招,一般生,,320,桃園縣國立桃園農工,普通科
425,國立澎湖科技大學,海洋遊憩系,四技日間部,日間部四技海洋遊憩系一甲,1112416036,聯合登記分發,聯登一般生,商管群,330,桃園縣私立新興高中,應用日語科
426,國立澎湖科技大學,海洋遊憩系,四技日間部,日間部四技海洋遊憩系一甲,1112416037,聯合登記分發,聯登一般生,商管群,320,桃園縣私立育達高中,會計事務科
427,國立澎湖科技大學,海洋遊憩系,四技日間部,日間部四技海洋遊憩系一甲,1112416038,聯合登記分發,聯登一般生,商管群,330,桃園縣國立中壢家商,商業經營科
428,國立澎湖科技大學,海洋遊憩系,四技日間部,日間部四技海洋遊憩系一甲,1112416039,聯合登記分發,聯登一般生,商管群,337,桃園縣國立中壢高商,國際貿易科
429,國立澎湖科技大學,海洋遊憩系,四技日間部,日間部四技海洋遊憩系一甲,1112416040,聯合登記分發,聯登一般生,商管群,327,桃園縣私立六和高中,應用日語科
430,國立澎湖科技大學,海洋遊憩系,四技日間部,日間部四技海洋遊憩系一甲,1112416043,聯合登記分發,聯登一般生,商管群,408,台中縣私立明道高中,資料處理科
431,國立澎湖科技大學,海洋遊憩系,四技日間部,日間部四技海洋遊憩系一甲,1112416045,聯合登記分發,聯登一般生,商管群,402,南投縣國立草屯商工,商業經營科
432,國立澎湖科技大學,海洋遊憩系,四技日間部,日間部四技海洋遊憩系一甲,1112416047,聯合登記分發,聯登一般生,商管群,527,彰化縣國立二林工商,商業經營科
433,國立澎湖科技大學,海洋遊憩系,四技日間部,日間部四技海洋遊憩系一甲,1112416049,聯合登記分發,聯登一般生,商管群,512,彰化縣國立北斗家商,資料處理科
434,國立澎湖科技大學,電機工程系,四技日間部,日間部四技電機工程系一甲,1112417001,特殊選才,特選-技職生,,814,高雄市市立中正高工,冷凍科
435,國立澎湖科技大學,電機工程系,四技日間部,日間部四技電機工程系一甲,1112417002,甄選入學,甄選一般生,電機與電子群電機類,726,北門農工,電機科
436,國立澎湖科技大學,電機工程系,四技日間部,日間部四技電機工程系一甲,1112417003,甄選入學,甄選一般生,電機與電子群電機類,111,台北市市立南港高工,電機科
437,國立澎湖科技大學,電機工程系,四技日間部,日間部四技電機工程系一甲,1112417004,甄選入學,甄選一般生,電機與電子群電機類,105,台北市市立內湖高工,電機科
438,國立澎湖科技大學,電機工程系,四技日間部,日間部四技電機工程系一甲,1112417005,甄選入學,甄選一般生,電機與電子群電機類,304,新竹縣私立內思高工,電機科
439,國立澎湖科技大學,電機工程系,四技日間部,日間部四技電機工程系一甲,1112417006,甄選入學,甄選一般生,電機與電子群電機類,730,臺南縣國立新營高工,電機科
440,國立澎湖科技大學,電機工程系,四技日間部,日間部四技電機工程系一甲,1112417007,甄選入學,甄選一般生,電機與電子群電機類,330,桃園縣國立桃園農工,電機科
441,國立澎湖科技大學,電機工程系,四技日間部,日間部四技電機工程系一甲,1112417008,甄選入學,甄選一般生,電機與電子群資電類,435,台中市私立嶺東高中,資訊科
442,國立澎湖科技大學,電機工程系,四技日間部,日間部四技電機工程系一甲,1112417009,甄選入學,甄選一般生,電機與電子群資電類,403,台中市私立嶺東高中,電子科
443,國立澎湖科技大學,電機工程系,四技日間部,日間部四技電機工程系一甲,1112417010,甄選入學,甄選一般生,電機與電子群資電類,435,台中市私立嶺東高中,電子科
444,國立澎湖科技大學,電機工程系,四技日間部,日間部四技電機工程系一甲,1112417011,甄選入學,甄選一般生,電機與電子群資電類,812,高雄市市立中正高工,電子科
445,國立澎湖科技大學,電機工程系,四技日間部,日間部四技電機工程系一甲,1112417012,甄選入學,甄選一般生,電機與電子群資電類,326,桃園縣私立育達高中,資訊科
446,國立澎湖科技大學,電機工程系,四技日間部,日間部四技電機工程系一甲,1112417013,甄選入學,甄選一般生,電機與電子群資電類,338,桃園縣私立振聲高中,資訊科
447,國立澎湖科技大學,電機工程系,四技日間部,日間部四技電機工程系一甲,1112417014,甄選入學,甄選一般生,電機與電子群資電類,832,高雄市市立中正高工,電子科
448,國立澎湖科技大學,電機工程系,四技日間部,日間部四技電機工程系一甲,1112417015,甄選入學,甄選一般生,電機與電子群資電類,725,臺南縣國立新營高工,資訊科
449,國立澎湖科技大學,電機工程系,四技日間部,日間部四技電機工程系一甲,1112417016,聯合登記分發,聯登一般生,電機與電子群電機類,203,基隆市國立基隆商工,電機科
450,國立澎湖科技大學,電機工程系,四技日間部,日間部四技電機工程系一甲,1112417018,聯合登記分發,聯登一般生,電機與電子群電機類,320,桃園縣私立治平高中,電機科
451,國立澎湖科技大學,電機工程系,四技日間部,日間部四技電機工程系一甲,1112417019,聯合登記分發,聯登一般生,電機與電子群電機類,325,桃園縣私立治平高中,電機科
452,國立澎湖科技大學,電機工程系,四技日間部,日間部四技電機工程系一甲,1112417022,聯合登記分發,聯登一般生,電機與電子群電機類,413,台中縣國立霧峰農工,電機科
453,國立澎湖科技大學,電機工程系,四技日間部,日間部四技電機工程系一甲,1112417024,聯合登記分發,聯登一般生,電機與電子群電機類,528,彰化縣國立二林工商,電機科
454,國立澎湖科技大學,電機工程系,四技日間部,日間部四技電機工程系一甲,1112417025,聯合登記分發,聯登一般生,電機與電子群電機類,500,彰化縣國立秀水高工,電機科
455,國立澎湖科技大學,電機工程系,四技日間部,日間部四技電機工程系一甲,1112417028,聯合登記分發,聯登一般生,電機與電子群電機類,624,臺南縣國立台南高工,電機科
456,國立澎湖科技大學,電機工程系,四技日間部,日間部四技電機工程系一甲,1112417029,聯合登記分發,聯登一般生,電機與電子群電機類,733,臺南縣國立新營高工,電機科
457,國立澎湖科技大學,電機工程系,四技日間部,日間部四技電機工程系一甲,1112417030,聯合登記分發,聯登一般生,電機與電子群電機類,840,高雄市市立中正高工,電機科
458,國立澎湖科技大學,電機工程系,四技日間部,日間部四技電機工程系一甲,1112417031,聯合登記分發,聯登一般生,電機與電子群電機類,829,高雄市市立高雄高工,冷凍空調科
459,國立澎湖科技大學,電機工程系,四技日間部,日間部四技電機工程系一甲,1112417032,聯合登記分發,聯登一般生,電機與電子群電機類,820,高雄市市立中正高工,控制科
460,國立澎湖科技大學,電機工程系,四技日間部,日間部四技電機工程系一甲,1112417033,聯合登記分發,聯登一般生,電機與電子群電機類,811,高雄縣國立岡山農工,電機科
461,國立澎湖科技大學,電機工程系,四技日間部,日間部四技電機工程系一甲,1112417034,聯合登記分發,聯登一般生,電機與電子群電機類,260,宜蘭縣國立羅東高工,電機科
462,國立澎湖科技大學,電機工程系,四技日間部,日間部四技電機工程系一甲,1112417035,聯合登記分發,聯登一般生,電機與電子群資電類,880,台北市市立松山工農,電子科
463,國立澎湖科技大學,電機工程系,四技日間部,日間部四技電機工程系一甲,1112417036,聯合登記分發,聯登一般生,電機與電子群資電類,330,桃園縣私立振聲高中,資訊科
464,國立澎湖科技大學,電機工程系,四技日間部,日間部四技電機工程系一甲,1112417037,聯合登記分發,聯登一般生,電機與電子群資電類,330,桃園縣私立新興高中,資訊科
465,國立澎湖科技大學,電機工程系,四技日間部,日間部四技電機工程系一甲,1112417038,聯合登記分發,聯登一般生,電機與電子群資電類,326,桃園縣國立楊梅高中,資訊科
466,國立澎湖科技大學,電機工程系,四技日間部,日間部四技電機工程系一甲,1112417039,聯合登記分發,聯登一般生,電機與電子群資電類,330,桃園縣國立楊梅高中,電子科
467,國立澎湖科技大學,電機工程系,四技日間部,日間部四技電機工程系一甲,1112417040,聯合登記分發,聯登一般生,電機與電子群資電類,303,新竹縣私立內思高工,資訊科
468,國立澎湖科技大學,電機工程系,四技日間部,日間部四技電機工程系一甲,1112417041,聯合登記分發,聯登一般生,電機與電子群資電類,302,新竹縣私立義民高中,資訊科
469,國立澎湖科技大學,電機工程系,四技日間部,日間部四技電機工程系一甲,1112417042,聯合登記分發,聯登一般生,電機與電子群資電類,356,苗栗縣國立苗栗農工,家電技術科
470,國立澎湖科技大學,電機工程系,四技日間部,日間部四技電機工程系一甲,1112417043,聯合登記分發,聯登一般生,電機與電子群資電類,434,台中市私立嶺東高中,電子科
471,國立澎湖科技大學,電機工程系,四技日間部,日間部四技電機工程系一甲,1112417047,聯合登記分發,聯登一般生,電機與電子群資電類,402,台中縣私立僑泰高中,電子科
472,國立澎湖科技大學,電機工程系,四技日間部,日間部四技電機工程系一甲,1112417048,聯合登記分發,聯登一般生,電機與電子群資電類,406,台中縣國立東勢高工,電子科
473,國立澎湖科技大學,電機工程系,四技日間部,日間部四技電機工程系一甲,1112417049,聯合登記分發,聯登一般生,電機與電子群資電類,408,台中市私立嶺東高中,電子科
474,國立澎湖科技大學,電機工程系,四技日間部,日間部四技電機工程系一甲,1112417051,聯合登記分發,聯登一般生,電機與電子群資電類,524,雲林縣國立西螺農工,電子科
475,國立澎湖科技大學,電機工程系,四技日間部,日間部四技電機工程系一甲,1112417052,聯合登記分發,聯登一般生,電機與電子群資電類,702,臺南縣國立台南高工,電子科
476,國立澎湖科技大學,電機工程系,四技日間部,日間部四技電機工程系一甲,1112417053,聯合登記分發,聯登一般生,電機與電子群資電類,830,高雄市市立中正高工,電子科
477,國立澎湖科技大學,行銷與物流管理系,四技日間部,日間部四技行銷與物流管理系一甲,1112418001,技優甄審,技優生,商業類,327,桃園縣私立育達高中,資料處理科
478,國立澎湖科技大學,行銷與物流管理系,四技日間部,日間部四技行銷與物流管理系一甲,1112418002,甄選入學,甄選一般生,商管群,807,高雄市市立海青工商,會計事務科
479,國立澎湖科技大學,行銷與物流管理系,四技日間部,日間部四技行銷與物流管理系一甲,1112418003,甄選入學,甄選一般生,商管群,830,高雄縣私立中山工商,資料處理科
480,國立澎湖科技大學,行銷與物流管理系,四技日間部,日間部四技行銷與物流管理系一甲,1112418004,甄選入學,甄選一般生,商管群,880,澎湖縣國立馬公高中,資料處理科
481,國立澎湖科技大學,行銷與物流管理系,四技日間部,日間部四技行銷與物流管理系一甲,1112418005,甄選入學,離島地區,商管群,880,澎湖縣國立馬公高中,資料處理科
482,國立澎湖科技大學,行銷與物流管理系,四技日間部,日間部四技行銷與物流管理系一甲,1112418006,甄選入學,甄選一般生,商管群,351,苗栗縣國立苗栗高商,資料處理科
483,國立澎湖科技大學,行銷與物流管理系,四技日間部,日間部四技行銷與物流管理系一甲,1112418007,甄選入學,甄選一般生,商管群,830,高雄市市立高雄高商,國際貿易科
484,國立澎湖科技大學,行銷與物流管理系,四技日間部,日間部四技行銷與物流管理系一甲,1112418008,甄選入學,甄選一般生,商管群,333,桃園縣私立新興高中,商業經營科
485,國立澎湖科技大學,行銷與物流管理系,四技日間部,日間部四技行銷與物流管理系一甲,1112418009,甄選入學,甄選一般生,商管群,330,桃園縣私立新興高中,應用日語科
486,國立澎湖科技大學,行銷與物流管理系,四技日間部,日間部四技行銷與物流管理系一甲,1112418010,甄選入學,甄選一般生,商管群,320,桃園縣私立治平高中,電子商務(處理)科
487,國立澎湖科技大學,行銷與物流管理系,四技日間部,日間部四技行銷與物流管理系一甲,1112418011,甄選入學,甄選一般生,商管群,202,基隆市國立基隆商工,會計事務科
488,國立澎湖科技大學,行銷與物流管理系,四技日間部,日間部四技行銷與物流管理系一甲,1112418012,甄選入學,甄選一般生,商管群,600,嘉義市私立興華高中,資料處理科
489,國立澎湖科技大學,行銷與物流管理系,四技日間部,日間部四技行銷與物流管理系一甲,1112418013,甄選入學,甄選一般生,商管群,320,桃園縣私立六和高中,應用英語科
490,國立澎湖科技大學,行銷與物流管理系,四技日間部,日間部四技行銷與物流管理系一甲,1112418014,甄選入學,甄選一般生,商管群,411,南投縣國立草屯商工,資料處理科
491,國立澎湖科技大學,行銷與物流管理系,四技日間部,日間部四技行銷與物流管理系一甲,1112418016,甄選入學,甄選一般生,商管群,734,臺南縣國立新營高中,流通管理科
492,國立澎湖科技大學,行銷與物流管理系,四技日間部,日間部四技行銷與物流管理系一甲,1112418017,甄選入學,甄選一般生,商管群,238,台北縣私立樹人家商,電子商務(處理)科
493,國立澎湖科技大學,行銷與物流管理系,四技日間部,日間部四技行銷與物流管理系一甲,1112418018,甄選入學,甄選一般生,商管群,320,桃園縣私立新興高中,商業經營科
494,國立澎湖科技大學,行銷與物流管理系,四技日間部,日間部四技行銷與物流管理系一甲,1112418019,甄選入學,甄選一般生,商管群,338,桃園縣私立新興高中,應用日語科
495,國立澎湖科技大學,行銷與物流管理系,四技日間部,日間部四技行銷與物流管理系一甲,1112418020,甄選入學,甄選一般生,商管群,338,桃園縣私立新興高中,應用日語科
496,國立澎湖科技大學,行銷與物流管理系,四技日間部,日間部四技行銷與物流管理系一甲,1112418021,甄選入學,甄選一般生,外語群英語類,404,台中市私立新民高中,應用英語科
497,國立澎湖科技大學,行銷與物流管理系,四技日間部,日間部四技行銷與物流管理系一甲,1112418022,聯合登記分發,聯登一般生,商管群,202,基隆市私立二信高中,商業經營科
498,國立澎湖科技大學,行銷與物流管理系,四技日間部,日間部四技行銷與物流管理系一甲,1112418023,聯合登記分發,聯登一般生,商管群,204,基隆市私立二信高中,商業經營科
499,國立澎湖科技大學,行銷與物流管理系,四技日間部,日間部四技行銷與物流管理系一甲,1112418024,聯合登記分發,聯登一般生,商管群,204,基隆市私立二信高中,資料處理科
500,國立澎湖科技大學,行銷與物流管理系,四技日間部,日間部四技行銷與物流管理系一甲,1112418025,聯合登記分發,聯登一般生,商管群,236,新北市立新北高工,機械科
501,國立澎湖科技大學,行銷與物流管理系,四技日間部,日間部四技行銷與物流管理系一甲,1112418026,聯合登記分發,聯登一般生,商管群,320,桃園縣私立新興高中,商業經營科
502,國立澎湖科技大學,行銷與物流管理系,四技日間部,日間部四技行銷與物流管理系一甲,1112418028,聯合登記分發,聯登一般生,商管群,334,桃園縣私立新興高中,應用日語科
503,國立澎湖科技大學,行銷與物流管理系,四技日間部,日間部四技行銷與物流管理系一甲,1112418029,聯合登記分發,聯登一般生,商管群,330,桃園縣私立啟英高中,資料處理科
504,國立澎湖科技大學,行銷與物流管理系,四技日間部,日間部四技行銷與物流管理系一甲,1112418031,聯合登記分發,聯登一般生,商管群,326,桃園縣私立治平高中,電子商務(處理)科
505,國立澎湖科技大學,行銷與物流管理系,四技日間部,日間部四技行銷與物流管理系一甲,1112418032,聯合登記分發,聯登一般生,商管群,300,新竹市私立光復高中,資料處理科
506,國立澎湖科技大學,行銷與物流管理系,四技日間部,日間部四技行銷與物流管理系一甲,1112418033,聯合登記分發,聯登一般生,商管群,363,苗栗縣國立苗栗高商,國際貿易科
507,國立澎湖科技大學,行銷與物流管理系,四技日間部,日間部四技行銷與物流管理系一甲,1112418036,聯合登記分發,聯登一般生,商管群,412,台中市明德高級中學,資料處理科
508,國立澎湖科技大學,行銷與物流管理系,四技日間部,日間部四技行銷與物流管理系一甲,1112418038,聯合登記分發,聯登一般生,商管群,522,彰化縣私立文興高中,綜合高中部
509,國立澎湖科技大學,行銷與物流管理系,四技日間部,日間部四技行銷與物流管理系一甲,1112418039,聯合登記分發,聯登一般生,商管群,632,雲林縣國立土庫商工,商業經營科
510,國立澎湖科技大學,行銷與物流管理系,四技日間部,日間部四技行銷與物流管理系一甲,1112418040,聯合登記分發,聯登一般生,商管群,622,嘉義市國立嘉義高商,國際貿易科
511,國立澎湖科技大學,行銷與物流管理系,四技日間部,日間部四技行銷與物流管理系一甲,1112418041,聯合登記分發,聯登一般生,商管群,712,臺南縣國立新化高工,資料處理科
512,國立澎湖科技大學,行銷與物流管理系,四技日間部,日間部四技行銷與物流管理系一甲,1112418043,聯合登記分發,聯登一般生,商管群,727,臺南縣國立曾文家商,電子商務(處理)科
513,國立澎湖科技大學,行銷與物流管理系,四技日間部,日間部四技行銷與物流管理系一甲,1112418045,聯合登記分發,聯登一般生,商管群,730,臺南縣國立新營高中,流通管理科
514,國立澎湖科技大學,行銷與物流管理系,四技日間部,日間部四技行銷與物流管理系一甲,1112418046,聯合登記分發,聯登一般生,商管群,730,臺南縣國立新營高中,流通管理科
515,國立澎湖科技大學,行銷與物流管理系,四技日間部,日間部四技行銷與物流管理系一甲,1112418048,聯合登記分發,聯登一般生,商管群,813,高雄市私立樹德家商,商業經營科
516,國立澎湖科技大學,行銷與物流管理系,四技日間部,日間部四技行銷與物流管理系一甲,1112418049,聯合登記分發,聯登一般生,商管群,805,高雄縣私立中山工商,應用日語科
517,國立澎湖科技大學,行銷與物流管理系,四技日間部,日間部四技行銷與物流管理系一甲,1112418050,聯合登記分發,聯登一般生,外語群英語類,615,嘉義市國立華南高商,應用英語科
